smiles_canonical,vina_score,qed,novelty,perplexity,mw,logp,hbd,hba,rotbonds,lipinski_violations,max_tanimoto_known,temperature,composite_score
O=C(c1cc(Cc2n[nH]c(=O)c3c2CCCC3)ccc1F)N1CCN(S(=O)(=O)c2ccc(Cl)c(Cl)c2)CC1,-10.022,0.4952307093712753,0.7849462365591398,1.247286653348745,579.4810000000001,3.832100000000003,1,5,5,1,0.21505376344086022,1.0,6.890618725459935
C[C@@]1(c2cc(NC(=O)c3ccc(Cl)cn3)ccc2F)CS(=O)(=O)C2(CC(O)C2)C(=N)N1,-9.479,0.5480459535965255,0.8020833333333334,1.2598961680053244,466.92200000000025,2.2303699999999997,4,6,3,0,0.19791666666666666,1.2,5.951354868933594
C[C@@H]1CN(S(=O)(=O)c2ccc([C@@H](C)NC(=O)c3cc4c(Cl)cc(Cl)cc4[nH]3)cc2)CCN1,-9.785,0.49988728809693406,0.6483516483516483,1.23647464532331,495.4320000000002,3.948100000000002,3,4,5,0,0.3516483516483517,0.8,5.521962725288887
Cc1ccc2[nH]c(C(=O)N[C@H](C)c3ccc([C@@H](C)NC(=O)c4cccc(Cl)c4)cc3)c(Cl)c2c1,-10.156,0.27697517591422177,0.6428571428571428,1.25975455029601,494.4220000000002,6.765120000000004,3,2,6,1,0.35714285714285715,1.0,4.990919415424384
Cn1c(=O)c2[nH]c(-c3ccc(S(=O)(=O)N4CCN(Cc5ccc(F)cc5)CC4)cc3)cc2n(C)c1=O,-9.408,0.44112722987347186,0.7692307692307692,1.2061630610837886,511.5790000000003,1.8779,1,5,5,1,0.23076923076923078,0.8,4.8874300428347945
COc1ccc2c(c1)C(=O)N(C[C@@]1(C#Cc3ccc(C(C)(C)O)c(C)c3)NC(=O)NC1=O)C2,-9.09,0.4895558496060534,0.8333333333333334,1.2716040583685766,447.4910000000002,1.8167199999999997,3,5,4,0,0.16666666666666666,1.0,4.76569639787353
COc1ccc2c(c1)C(=O)N(C[C@@]1(C#Cc3cc(-c4cn[nH]c4)cnc3OC)NC(=O)NC1=O)C2,-9.352,0.37301403450877824,0.8315789473684211,1.273069806803104,472.4610000000001,1.0745999999999998,3,7,5,0,0.16842105263157894,1.0,4.667599287256318
Cc1ccc(C(=O)c2ccc([C@@H](C)NC(=O)c3cc4c(Cl)cc(Cl)cc4[nH]3)cc2)cc1,-9.913,0.3402082388494225,0.5692307692307692,1.278730275825212,451.3530000000001,6.505120000000004,2,2,5,1,0.4307692307692308,0.8,4.353044827337424
O=C(C(=O)N1CCN(C(=O)c2ccccc2)CC1)c1c[nH]c2c(Cl)cc(Cl)cc12,-9.067,0.5095366763466277,0.7241379310344828,1.258834506406022,430.2910000000001,3.642000000000002,1,3,3,0,0.27586206896551724,1.0,4.200118845122048
COc1ccc2c(c1)C(=O)N(C[C@@]1(C#Cc3ccc([C@@H](C)NC(C)=O)cc3)NC(=O)NC1=O)C2,-9.067,0.46168498421528487,0.7524752475247525,1.2072674605880511,460.4900000000002,1.4779999999999995,3,5,5,0,0.24752475247524752,0.8,4.055606825935007
COc1ccc(C(=O)Nc2ccc(Cl)c([C@@]3(C(F)F)N=C(N)O[C@@H]4C[C@@H]43)c2)c(OC)n1,-8.386,0.696466918603094,0.7738095238095238,1.2764606931829976,452.8450000000002,3.1983000000000015,2,7,6,0,0.2261904761904762,1.0,3.9674062074393985
COc1cc2c(cc1OC)C(=O)C(CC1(F)CCN(Cc3cccc(Cl)c3)CC1)C2,-8.514,0.6369351051368223,0.7816091954022988,1.2209457813142008,431.9350000000002,5.106600000000005,0,4,6,1,0.21839080459770116,0.8,3.953137053132382
Cc1cc2c(cc(C(=O)N[C@H](C)c3ccc(S(=O)(=O)C4CCOCC4)cc3)n2C)c(Cl)c1F,-9.731,0.5585876113004951,0.3285714285714286,1.1889811600727698,493.00000000000034,4.722920000000004,1,4,5,0,0.6714285714285714,1.0,3.9008316929843074
COc1cc2c(cc1OC)C(=O)C(CC1(F)CCN(Cc3cc(F)cc(F)c3)CC1)C2,-8.297,0.6603010970222662,0.8313253012048193,1.2316768976921837,433.47000000000014,4.731400000000004,0,4,6,0,0.1686746987951807,0.8,3.842228945690004
Cc1ccc(C(=O)N2CCC(c3ccc(C#N)cc3)CC2)cc1NC(=O)c1ccc(C(C)(C)O)cc1,-8.932,0.512584022364774,0.7108433734939759,1.2726030255675758,481.5960000000003,5.366200000000006,2,4,5,1,0.2891566265060241,0.8,3.799036304785832
Cc1cc2c(cc(C(=O)N[C@H](C)c3ccc(S(=O)(=O)C4CCS(=O)(=O)C4)cc3)n2C)c(Cl)c1Cl,-9.712,0.5187554242590715,0.3287671232876712,1.1570238755110516,543.4940000000004,4.245320000000004,1,5,5,1,0.6712328767123288,1.2,3.595888203733101
Cc1c(C(=O)N2CCC(c3ccc(C#N)cc3)CC2)cnn1-c1nn2cccc2c(=O)[nH]1,-8.526,0.5395776352227502,0.822429906542056,1.211664902598834,427.4680000000001,2.4082,1,5,3,0,0.17757009345794392,0.8,3.5915304856578647
Cc1cc2cc(C(=O)N[C@H](C)c3ccc(S(=O)(=O)C4(C(=O)O)CC4)cc3)nn2cc1C,-9.131,0.6073414482508092,0.4722222222222222,1.2113285818499648,441.50900000000024,2.8330400000000013,2,5,6,0,0.5277777777777778,0.8,3.5276441128626175
Cc1c(C(=O)N2CC(c3ccc(C#N)cc3)C2)cnn1-c1nn2cccc2c(=O)[nH]1,-8.433,0.5626701777157126,0.819047619047619,1.2287733061420218,399.4140000000001,1.628,1,5,3,0,0.18095238095238095,1.0,3.4847454601192283
Cc1ccc2[nH]c(C(=O)N[C@H](CO)c3ccc(S(=O)(=O)c4ccc([C@@H](C)O)cc4)cc3)c(Cl)c2c1,-9.6,0.29089181064343195,0.6025641025641026,1.224219930504224,513.0150000000003,4.479220000000003,4,5,7,1,0.3974358974358974,0.8,3.4321710744600358
Cn1cc2c(nc(NC(=O)Nc3ccc(S(=O)(=O)NC(=O)c4ccc(Cl)cc4)cc3)n3nc(-c4ccco4)nc23)n1,-9.315,0.26031436767945926,0.7582417582417582,1.236471323023952,591.9970000000001,3.687100000000002,3,9,6,1,0.24175824175824176,1.2,3.4167879924472704
Cc1ccc(C(=O)N2CC(c3ccc(C#N)cc3)C2)cc1-c1[nH]c(C(C)(C)O)nc1C,-8.181,0.673983794267872,0.7840909090909091,1.2282235071276741,414.5090000000002,4.032220000000003,2,4,4,0,0.2159090909090909,0.8,3.360489927544355
Cc1cc(N2CCC(C(=O)N[C@H](C)c3ccc(S(=O)(=O)CC(=O)O)cc3)CC2)n2nc(C(F)(F)F)nc2n1,-9.226,0.449369005305688,0.5714285714285714,1.275804097209248,554.5510000000002,2.40362,2,8,7,1,0.42857142857142855,0.8,3.3251312651559353
COc1cc2c(cc1OC)C(=O)C(CC1(F)CCN(Cc3ccc(F)c(F)c3)C1)C2,-7.982,0.6983540347058516,0.8181818181818181,1.2558161667417216,419.4430000000001,4.341300000000004,0,4,6,0,0.18181818181818182,1.0,3.2107938490854284
CC(C)(C)C(=O)NS(=O)(=O)c1ccc([C@@H](CO)NC(=O)c2cc3c(Cl)c(F)ccc3[nH]2)c(Cl)c1,-9.067,0.38415826153554633,0.6888888888888889,1.2546187397562167,530.4050000000001,3.9282000000000012,4,5,6,1,0.3111111111111111,0.8,3.183332153646403
C[C@@H](c1ccc(-c2ccc(=O)n(C)c2)cc1)N1CC[C@](CC(C)(C)O)(c2ccc(F)cc2)OC1=O,-8.553,0.5318641381352364,0.7473684210526316,1.1586153800630583,478.56400000000025,5.151200000000006,1,4,6,1,0.25263157894736843,0.8,3.1728233908758776
Cc1cc(-c2n[nH]c3cc(NC(=O)NC(c4ccc(S(C)(=O)=O)cc4)C4CCOCC4)ncc23)ccn1,-9.047,0.348881273419872,0.7333333333333334,1.2658904950481342,520.6150000000004,4.021220000000003,3,7,6,1,0.26666666666666666,0.8,3.1632034846442156
Cc1cc2cc(C(=O)N[C@H](C)c3ccc(S(=O)(=O)C(C)(C)C(N)=O)cc3)n(C)c2c(Cl)n1,-9.419,0.5288297274509448,0.36764705882352944,1.2793712008963607,476.9860000000003,3.063720000000001,2,5,6,0,0.6323529411764706,1.0,3.1425354297753154
CC(=O)N[C@@H](C)c1ccc(O[C@@H]2CCN(c3ccnc(N4CCOCC4)n3)C2)cc1,-8.002,0.7802965944785385,0.7052631578947368,1.1999314799949814,411.50600000000026,2.168,1,7,6,0,0.29473684210526313,0.8,3.133842487677596
Cc1ccc2c(c1)Oc1cc(Cl)ccc1C2NC(=O)c1ccc(C(F)(F)F)[nH]c1=O,-8.264,0.5972188642121156,0.7906976744186046,1.272710185156118,434.80100000000016,4.980620000000003,2,3,2,0,0.20930232558139536,1.0,3.1133077020199464
C[C@@H](c1ccc(Cl)cc1)n1nnc2c1NC(=O)C[C@]21C(=O)N(C)c2ccc(Cl)cc21,-8.143,0.6550411015249942,0.7790697674418605,1.1900879978913201,442.3060000000002,3.7989000000000015,1,4,2,0,0.22093023255813954,1.2,3.1120048367432576
Cc1c(COc2cc(OCc3cccc(C#N)c3)c(Cl)cc2Cl)ccc2c1COC2(C)C,-8.684,0.38740483441672396,0.8333333333333334,1.2485472087396337,468.3800000000003,7.096800000000007,0,4,6,1,0.16666666666666666,0.8,3.0721396831204446
CC(=O)c1c(C)c2cnc(Nc3ccc(C(=O)O)cc3)nc2n(C2CCCC2)c1=O,-8.183,0.6184239410698864,0.7951807228915663,1.2452073834859771,406.44200000000023,3.859420000000002,2,6,5,0,0.20481927710843373,0.8,3.0706648345608842
COc1cc2c(cc1OC)S(=O)(=O)C(CC1(F)CCN(Cc3ccc(F)cc3)CC1)C2,-8.063,0.6661296558160448,0.7926829268292683,1.2353864716536798,451.5350000000003,3.9357000000000033,0,5,6,0,0.2073170731707317,0.8,3.0596483757675426
NC(=O)n1cc(NC(=O)N2C[C@H](F)C[C@H]2C(=O)NCc2cccc(Cl)c2)c2ccccc21,-8.317,0.5574827974169281,0.8023255813953488,1.2459930953963023,457.89300000000014,3.4822000000000015,3,3,4,0,0.19767441860465115,1.0,3.0587180880038067
Cc1cc(COc2ccc(S(=O)(=O)C[C@@H](C(=O)O)C3CC(C)(C)S(=O)(=O)C[C@@H]3C(=O)NO)cc2)c2ccccc2n1,-9.185,0.24302969397969712,0.7623762376237624,1.2394173861501683,604.7030000000002,2.9316200000000014,3,9,9,1,0.2376237623762376,0.8,2.998423049494887
O=C(c1ccc2c(c1)C(O)(C(F)(F)F)c1ccccc1-2)N1CCOCC1,-7.935,0.8476532399290236,0.6346153846153846,1.2365997806749982,363.3350000000002,2.9376000000000015,1,3,1,0,0.36538461538461536,0.8,2.9876027080405962
COc1cc2nccc(Oc3ccc(NC(=O)C4(C(=O)Nc5ccc(F)cc5)COC4)cc3)c2cc1OC,-8.998,0.32408168276112165,0.7468354430379747,1.2686907261958544,517.5130000000003,4.777200000000003,2,7,8,1,0.25316455696202533,1.0,2.9567952621435096
C[C@H](Sc1nncn1C)c1cccc(NC(=O)c2cc3c(Cl)c(Cl)n(C)c3cc2Cl)c1,-9.051,0.3272729552464502,0.7195121951219512,1.2813482399842184,494.83500000000015,6.372600000000004,1,4,5,1,0.2804878048780488,1.2,2.9529938346684386
Cc1ccc(NC(=O)c2ccc([C@@H](C)NC(=O)c3cc4c(Cl)c(Cl)c(C)nc4n3C)cc2)cc1,-9.782,0.34423306418582844,0.3787878787878788,1.2742690003239157,495.4100000000002,6.240240000000005,2,3,5,1,0.6212121212121212,1.0,2.9360464513795
Cc1ccc(Cl)cc1N1CCN(C(=O)[C@@H](Cc2ccc(Cl)cc2)NC(=O)[C@H]2Cc3ccccc3CN2)CC1,-8.651,0.47729124249045374,0.7195121951219512,1.2268493073927682,551.5180000000001,4.392420000000002,2,4,6,1,0.2804878048780488,0.8,2.906549556752398
COc1ccc2c(c1)C(=O)N(C[C@@]1(C#Cc3ccc(C(=O)O)cc3)NC(=O)NC1=O)C2,-8.424,0.501229457552697,0.7888888888888889,1.1684168348147446,419.39300000000014,0.9790999999999999,3,5,4,0,0.2111111111111111,0.8,2.888494330695616
Cc1c(C(=O)N2CC(c3ccc(Cl)c(Cl)c3)C2)cnn1-c1nn2cccc2c(=O)[nH]1,-8.311,0.5273931587640244,0.8045977011494253,1.2450614367524582,443.29400000000015,3.0631200000000005,1,4,3,0,0.19540229885057472,1.0,2.8619831989474696
CC(C)(C)c1ccc(C(=O)N2CCc3c([nH]c4ccc(Cl)cc34)C2(C)C)cc1,-8.363,0.5351758871890433,0.7727272727272727,1.2631251575987945,394.94600000000014,6.052400000000006,1,1,1,1,0.22727272727272727,0.8,2.8588503581115656
COc1cc2c(cc1C(F)(F)F)N(C(=O)Nc1ccc(C(=O)O)cc1)CC2,-7.72,0.843516098416908,0.7105263157894737,1.252344357239995,380.3220000000001,4.006800000000003,2,3,3,0,0.2894736842105263,0.8,2.8564633403211857
CC[C@@H](NC(=O)c1cc(C(=O)N2CCC[C@@H]2C)n2c1COCC2)c1ccccc1,-7.759,0.8424758926018369,0.6923076923076923,1.2544048721062413,395.50300000000016,3.523900000000003,1,3,5,0,0.3076923076923077,1.0,2.842736501456372
Cc1ccc2cc(C(=O)N[C@H](C)c3ccc(S(=O)(=O)C4(C(=O)O)CCS(=O)(=O)CC4)cc3)n(C)c2c1,-9.411,0.4975051274366177,0.352112676056338,1.1868570937967349,532.6400000000004,2.7834200000000013,2,6,6,1,0.647887323943662,0.8,2.8289468894773977
Cc1ccc2c(c1)C(NC(=O)c1ccc(C(F)(F)F)[nH]c1=O)c1ccccc1S2,-8.052,0.6374361733781224,0.788235294117647,1.2188027698722483,416.4240000000001,4.686120000000002,2,3,2,0,0.21176470588235294,0.8,2.820070263462736
Cc1c(Cl)c(=O)oc2cc(C(=O)N[C@H](C)c3ccc(S(=O)(=O)CC(=O)O)cc3)ccc12,-9.021,0.5367178315839383,0.4714285714285714,1.240154717030483,463.8950000000002,3.104120000000001,2,6,6,0,0.5285714285714286,1.0,2.7862505261402783
Cc1ccc2ccc(C(=O)N[C@H](C)c3ccc(S(=O)(=O)C4(C(=O)O)CC4)cc3)nc2c1,-8.809,0.6096060155111149,0.4714285714285714,1.234230555011226,438.5050000000003,3.4251200000000015,2,5,6,0,0.5285714285714286,0.8,2.7187855428461454
Cc1c(Nc2c(C(=O)C3CC3)cnc3ccc(C(F)(F)F)cc23)c(=O)n(-c2ccccc2)n1C,-8.765,0.40077242452640477,0.7209302325581395,1.2638715209958855,466.46300000000014,5.387720000000004,1,4,5,1,0.27906976744186046,1.0,2.709557299671657
Cn1cc2c(nc(NC(=O)Nc3cc(Cl)c(Cl)c(Cl)c3)n3nc(-c4ccco4)nc23)n1,-8.678,0.3580435022855629,0.7980769230769231,1.2298091689650306,477.69900000000024,4.875200000000001,2,6,3,0,0.20192307692307693,0.8,2.6614029826738665
Cc1cc(-c2n[nH]c3cc(NC(=O)N[C@H](C)c4ccc(F)cc4)ncc23)ccn1,-8.553,0.48267614393861763,0.7126436781609196,1.1970686685242025,390.4220000000001,4.350120000000002,3,4,4,0,0.28735632183908044,1.0,2.652140479666533
Cc1cc2cc(C(=O)N[C@H](C)c3ccc(S(=O)(=O)C4(C(=O)O)CCC4)cc3)nn2c(Cl)c1Cl,-9.063,0.47980104685587643,0.48051948051948057,1.2212204940020945,510.39900000000034,4.221520000000003,2,5,6,1,0.5194805194805194,0.8,2.5777200253326873
CN(C)CCN(C)c1ccc(C(=O)Nc2ccc(Cl)c([C@]3(C)CS(=O)(=O)C4(CCOCC4)C(=N)N3)c2)nc1,-8.379,0.46988873504333545,0.79,1.2792362328829552,563.1240000000004,2.74477,3,8,7,1,0.21,0.8,2.5777149708851868
Cc1ccc(C(=O)Nc2cc(C(C)(C)C)on2)cc1Nc1nc2ccccc2n1C(C)C,-8.77,0.392482798933281,0.7052631578947368,1.2802897493569438,431.54000000000013,6.207020000000004,2,5,5,1,0.29473684210526313,0.8,2.5773214816655488
Cc1cc2c(cc(C(=O)N[C@H](CO)c3ccc(S(=O)(=O)C4(C(=O)O)CCOCC4)cc3)n2C)c(F)c1F,-9.56,0.4225768363001092,0.323943661971831,1.1707136827171263,536.5530000000005,2.6358200000000007,3,6,7,1,0.676056338028169,1.0,2.558824659883035
COc1cc2c(cc1OC)C(=O)C(CC1(F)CCN(Cc3ccc(Cl)c(Cl)c3)CC1)C2,-8.27,0.542867607953933,0.7529411764705882,1.2035071980833105,466.3800000000002,5.760000000000005,0,4,6,1,0.24705882352941178,0.8,2.556801792200637
CC(C)(C)C(=O)CS(=O)(=O)c1ccc([C@@H](CO)NC(=O)c2cc3c(Cl)c(F)ccc3[nH]2)cc1,-8.941,0.4615050565594953,0.55,1.1761910392130526,494.97200000000015,3.812700000000002,3,5,7,0,0.45,0.8,2.553989911908152
COc1cc2c(cc1OC)C(=O)C(CC1(F)CCN(Cc3ccc(Cl)c(C)c3)CC1)C2,-8.102,0.5951199297121872,0.7586206896551724,1.248464879392079,445.9620000000002,5.4150200000000055,0,4,6,1,0.2413793103448276,1.0,2.5007944399124566
Cc1ccc2c(c1)C(O)(C(F)(F)F)c1ccccc1-2,-7.627,0.7674959132685083,0.7741935483870968,1.268757779004388,264.246,3.773620000000002,1,1,0,0,0.22580645161290322,0.8,2.4990559770074476
Cc1c(C(=O)N[C@H](C)c2ccc(S(=O)(=O)C(C)(C)C)cc2)nn(C)c1-c1ccc(F)cc1,-8.794,0.6072655544229643,0.4411764705882353,1.2502857407575496,457.57100000000014,4.597820000000004,1,4,5,0,0.5588235294117647,0.8,2.4891847420376987
CC(=O)c1cn(CC(=O)N2C[C@H](F)C[C@H]2C(=O)NCc2cccc(Cl)c2F)c2ccc(Cl)cc12,-8.255,0.4973191014224612,0.7912087912087912,1.1974788928270024,508.35200000000015,4.545200000000003,1,3,6,1,0.2087912087912088,0.8,2.446920751024635
Cc1cc(-c2cc(C(=O)N[C@H](C)c3ccc(S(=O)(=O)C4(C(=O)O)CCC4)cc3)nn2C)cc(Cl)c1O,-9.212,0.41806845560215833,0.46153846153846156,1.2469229021144834,532.0180000000004,4.026520000000003,3,6,7,1,0.5384615384615384,0.8,2.4465379216248087
Cc1c(C(=O)N2CCn3c(cnc3C(F)(F)F)C2)cnn1-c1nn2cccc2c(=O)[nH]1,-8.212,0.5153761336883659,0.7849462365591398,1.2777230321770163,432.3660000000001,1.3880199999999998,1,5,2,0,0.21505376344086022,1.2,2.4179200216479537
COc1cc2c(cc1N1C[C@@H](C)N[C@@H](C)C1)N(S(=O)(=O)c1ccc(C(C)(C)O)cc1)CC2,-7.615,0.715659053530093,0.8172043010752688,1.2316633687468126,459.61200000000025,2.8606000000000016,2,6,5,0,0.1827956989247312,0.8,2.38375357453815
C[C@H](Sc1nncn1C)c1cccc(NC(=O)c2cc3c(Cl)cc(Cl)cc3n2C)c1,-8.862,0.38719306583720886,0.6363636363636364,1.2141230862128811,460.39000000000016,5.719200000000003,1,4,5,1,0.36363636363636365,0.8,2.3755143353808665
C[C@@H](NC(=O)c1cc2c(F)ccc(F)c2n1C)c1ccc(S(=O)(=O)C2(C(=O)O)CCCC2)cc1,-9.175,0.5409037075350326,0.32835820895522383,1.2340752656451954,490.5280000000003,4.118600000000003,2,4,6,0,0.6716417910447762,0.8,2.3711716845955406
Cc1cc2cc(C(=O)N[C@H](C)c3ccc(S(=O)(=O)CC(=O)O)cc3)c(Cl)cc2n1C,-8.84,0.6000634407579427,0.3939393939393939,1.2016139899620752,448.92800000000017,3.4894200000000017,2,4,6,0,0.6060606060606061,1.2,2.2842660279543727
Cc1cc2cc(C(=O)N[C@H](C)c3ccc(S(=O)(=O)C(C)(C)C(=O)O)cc3)cnc2[nH]1,-8.701,0.5523422044068528,0.5070422535211268,1.2738791593188996,429.49800000000016,2.99922,3,5,6,0,0.49295774647887325,1.2,2.2811135984155113
CC(=O)NC(C)Cc1ccc(C#Cc2ccnc(S(=O)(=O)CC(=O)O)c2)cc1,-7.863,0.7089882259714313,0.6973684210526316,1.266751340914191,400.45600000000013,1.4067999999999998,2,5,6,0,0.3026315789473684,1.0,2.272882061946542
COc1ccc2c(c1)CC[C@@H]1[C@@H]2CC[C@]2(C)[C@@H](O)CC[C@@H]12,-7.226,0.847817286403045,0.8205128205128205,1.2603745357648901,286.415,3.912200000000003,1,2,1,0,0.1794871794871795,1.0,2.2689885593595016
Cc1cc2ccc(C(=O)N[C@H](C)c3ccc(S(=O)(=O)C(C)C)cc3)cc2n1C,-8.221,0.7016185603007086,0.5454545454545454,1.2605604397920753,398.52800000000013,4.159820000000003,1,3,5,0,0.45454545454545453,0.8,2.250283105733022
Cc1n[nH]c2ccc(-c3cncc(C(=O)N[C@H](CO)c4ccc(Cl)cc4)c3)cc12,-8.595,0.4659803377976701,0.6419753086419753,1.2643100003768941,406.8730000000001,4.050120000000002,3,4,5,0,0.35802469135802467,1.2,2.2390563722676227
COc1ccc2c(c1)C(=O)N(C[C@@]1(C#Cc3ccc(C(=O)OC4CCOCC4)cc3)NC(=O)NC1=O)C2,-8.508,0.36110598356841017,0.7889908256880733,1.2374660807244948,503.51100000000037,1.6166999999999998,2,7,5,1,0.21100917431192662,0.8,2.1959355907830336
CC(=O)c1ccc2c(c1)C(O)(C(F)(F)F)c1ccccc1-2,-7.481,0.8142871303310985,0.7323943661971831,1.2798013829115125,292.256,3.6678000000000015,1,2,1,0,0.2676056338028169,0.8,2.18695317476784
C[C@@H](c1ccc(Cl)cc1)n1nnc2c1NC(=O)C[C@]21C(=O)N(CC(=O)O)c2ccc(Cl)cc2S1(=O)=O,-8.147,0.5032913028284035,0.7865168539325843,1.1686950817174142,550.3800000000003,2.6368,2,7,4,1,0.21348314606741572,0.8,2.18356597269168
Cc1cc2cc(C(=O)N[C@H](C)c3ccc(S(=O)(=O)CC(=O)O)cc3)n(C)c2cc1F,-8.901,0.6230429758188945,0.32307692307692304,1.1711258678062517,432.4730000000002,2.9751200000000013,2,4,6,0,0.676923076923077,1.2,2.175119705381544
CC(=O)NC(C)c1ccc(S(=O)(=O)c2ccc([C@@H](CO)NC(=O)c3cc4cc(Cl)ccc4[nH]3)c(Cl)c2)cc1,-9.196,0.2364108618337108,0.6219512195121951,1.264089276580162,574.4860000000002,4.9680000000000035,4,5,8,1,0.3780487804878049,0.8,2.165173509611668
C[C@@H](C#N)NC(=O)c1cc(NC(=O)c2cc(-c3ccccn3)c(F)cc2Cl)n(-c2ccccc2)n1,-8.429,0.4109026242728292,0.7628865979381443,1.2726993493960757,488.91000000000014,4.620980000000003,2,5,6,0,0.23711340206185566,0.8,2.165140981935618
Cc1ccc(C(=O)N[C@@H](CC(=O)O)c2ccccc2Cl)nc1-c1ccc(Cl)cc1,-8.224,0.556792596415615,0.6901408450704225,1.2664967063933363,429.3030000000001,5.309620000000003,2,3,6,1,0.30985915492957744,0.8,2.163932079555458
Cc1ccc2c(c1)C(NC(=O)c1ccc(C(F)(F)F)[nH]c1=O)c1cc(Cl)ccc1S2,-8.001,0.553716552712574,0.7906976744186046,1.21132400414371,450.8690000000001,5.339520000000002,2,3,2,1,0.20930232558139536,0.8,2.162949690858711
CC(C(=O)NCc1ccc(C(C)(C)C)cc1)c1ccc(NS(C)(=O)=O)c(F)c1,-7.564,0.7636075881275044,0.7471264367816092,1.1888460751118308,406.5230000000001,3.9146000000000027,2,3,6,0,0.25287356321839083,0.8,2.155930307973465
Cc1ccc(C(=O)N2CC(c3ccc(C#N)cc3)C2)cc1-c1[nH]nc(C)c1C,-7.497,0.7538485785175667,0.7865168539325843,1.2633551056236545,370.45600000000013,4.113240000000003,1,3,3,0,0.21348314606741572,0.8,2.1519533814509053
Cc1c(Cl)cccc1S(=O)(=O)NC(=O)[C@H]1[C@H](C(=O)Nc2ccc(S(=O)(=O)CC(=O)O)cc2)[C@@H]2C=C[C@H]1C21CC1,-8.596,0.3938352415704314,0.7011494252873562,1.2602782132742654,593.0790000000001,2.7787200000000007,3,7,8,1,0.2988505747126437,1.0,2.1195942186215158
Cc1cc(Cl)c2ccc(C(=O)N[C@H](C)c3ccc(S(=O)(=O)CC(=O)O)cc3)c(Cl)c2c1,-9.06,0.5278729036954612,0.3492063492063492,1.2280858628315818,480.3690000000002,4.804320000000003,2,4,6,0,0.6507936507936508,1.0,2.115888188754095
CC(C)(CO)n1cc(C(=O)c2cncc(NC(=O)Cc3ccc(Cl)cc3)c2)c2cnccc21,-8.382,0.40056352079871765,0.78125,1.2073113224388274,462.9370000000002,4.224300000000003,2,5,7,0,0.21875,1.2,2.0857280528876183
C[C@@H](NC(=O)c1cc(C(=O)N[C@H](C)c2ccc(S(C)(=O)=O)cc2)n2c1COCC2)c1ccc(C(F)(F)F)cc1,-8.726,0.44277847075622345,0.5833333333333333,1.1646907552651462,563.5980000000004,4.4226000000000045,2,5,7,1,0.4166666666666667,1.2,2.080297772930865
CC(C)(C)[Si](C)(C)OC[C@H]1O[C@@H](n2cnc3c(NCc4cccc(Cl)c4)nc(Cl)nc32)[C@H](O)[C@@H]1O,-8.52,0.29884529828872997,0.8279569892473118,1.223281865308789,540.5240000000002,4.386200000000005,3,8,7,1,0.17204301075268819,1.0,2.0506412825159437
C[C@@H](NC(=O)c1ccc(NS(=O)(=O)c2ccc3c(Cl)cnc(Cl)c3c2)cc1)c1ccc(S(=O)(=O)CC(=O)O)cc1,-9.395,0.22682558382838758,0.5194805194805194,1.2800111831648031,622.508,4.6917000000000035,3,7,9,1,0.4805194805194805,1.0,2.0120320832424508
CC(C(=O)NCc1ccc(C(F)(F)F)nc1Cl)c1ccc(NS(C)(=O)=O)c(F)c1,-8.185,0.5155915898497253,0.7252747252747253,1.2075607059869575,453.8450000000001,3.684300000000002,2,4,6,0,0.27472527472527475,1.0,2.0028864458833526
Cc1cc2cc(C(=O)N[C@H](C)c3ccc(S(=O)(=O)C(C)(C)C(=O)O)cc3)n(C)c2c(Cl)n1,-9.071,0.5227899959593609,0.328125,1.1598817960573797,477.9700000000002,3.663020000000002,2,5,6,0,0.671875,0.8,1.9881084714869346
C[C@@H](c1ccc(-c2ccc(=O)n(C)c2)cc1)N1CC[C@](CC(C)(C)O)(c2cccc(Cl)c2)OC1=O,-8.106,0.4792282829166947,0.7924528301886793,1.2130490496442923,495.0190000000003,5.665500000000007,1,4,6,1,0.20754716981132076,0.8,1.9581741876938887
Cc1ccc2[nH]c(C(=O)N[C@H](CO)c3ccc(S(=O)(=O)C4(C(=O)O)CCCC4)cc3)c(Cl)c2c1,-8.897,0.38639928458374606,0.5432098765432098,1.184930035137004,504.99200000000036,3.7642200000000017,4,5,7,1,0.4567901234567901,0.8,1.916490474122119
C[C@]12CC[C@@H]3c4ccc(O)cc4CC[C@H]3[C@@H]1CC[C@@H]2O,-7.282,0.757169743555686,0.8314606741573034,1.2543018090604368,272.3879999999999,3.6092000000000026,2,2,0,0,0.16853932584269662,0.8,1.8886035023483445
Cc1cc2c(cc1C(=O)N[C@H](C)c1ccc(S(=O)(=O)CC(=O)O)cc1)OCO2,-8.064,0.7549926015252446,0.4925373134328358,1.2734074311562282,405.4280000000002,2.0730199999999996,2,6,6,0,0.5074626865671642,1.0,1.8880094759557955
Cc1c(Cl)ccc2nc(C(=O)N[C@H](C)c3ccc(S(=O)(=O)CC(=O)O)cc3)c(Cl)n12,-8.627,0.5710390104378152,0.4492753623188406,1.2304175966834658,470.33400000000023,3.298820000000002,2,5,6,0,0.5507246376811594,1.0,1.8772506341795545
CCCC(=O)c1cnn(-c2ccc(NC(=O)c3cn(CC(=O)O)c4ccc(C)cc34)cc2)c1C,-8.35,0.3702762512630408,0.7916666666666666,1.1972865540040183,458.51800000000026,4.763540000000003,2,4,8,0,0.20833333333333334,0.8,1.8690589822997485
CS(=O)(=O)c1ccc([C@@H](CO)NC(=O)c2cc3c(Cl)c(Cl)c(Cl)cc3[nH]2)cc1,-8.5,0.5001671991694845,0.5753424657534247,1.1635245749891814,461.7540000000002,3.995000000000002,3,4,5,0,0.4246575342465753,0.8,1.830357453874603
Cc1nc2ccc(C(=O)N[C@H](C)c3ccc(S(=O)(=O)CC(=O)O)cc3)cc2c(=O)n1C,-8.591,0.5904447504340928,0.4347826086956522,1.225120602796368,443.4810000000002,1.5912199999999999,2,6,6,0,0.5652173913043478,1.2,1.8268143622147959
C[C@H](NC(=O)C(C)(C)S(=O)(=O)c1ccc([C@@H](CO)NC(=O)c2cnc3cc(Cl)ccc3c2)cc1)C(=O)O,-8.939,0.31728400629328574,0.5833333333333333,1.2776460624091903,548.0170000000003,2.493199999999999,4,7,9,1,0.4166666666666667,1.2,1.809876854924733
COc1cc2c(cc1OC)C(=O)C(CC1CCN(Cc3ccc(Cl)cc3)CC1)C2,-7.568,0.6664694708392193,0.7922077922077921,1.24614644122887,413.94500000000016,5.014500000000004,0,4,6,1,0.2077922077922078,0.8,1.8002290661145888
Cc1cc2c(=O)c(C(=O)NCc3ccc(S(=O)(=O)CC(=O)O)cc3)cn(C)c2cc1Cl,-8.381,0.5790745798268282,0.5342465753424658,1.2267937224142886,462.9110000000002,2.288619999999999,2,5,6,0,0.4657534246575342,0.8,1.7988500291093876
Cc1cc2cc(C(=O)N[C@H](C)c3ccc(S(=O)(=O)CC(=O)O)cc3)nn2c(C)c1Cl,-8.574,0.5969226108194605,0.42647058823529416,1.1884769826321167,449.91600000000017,2.9538400000000014,2,5,6,0,0.5735294117647058,0.8,1.777058942040589
CC(=O)N[C@@H](C)c1ccc(O[C@@H]2CCN(c3ccnc(C(C)(C)C)n3)C2)cc1,-7.241,0.8552747891708975,0.7195121951219512,1.2357893854657631,382.50800000000015,3.6289000000000025,1,5,5,0,0.2804878048780488,1.2,1.7667670829585527
CC(=O)c1ccc2c(c1)[C@@H](NC(=O)c1ccc(C(F)(F)F)[nH]c1=O)CCC2,-7.28,0.803764195244744,0.7586206896551724,1.2590535523126896,378.35000000000014,3.4037000000000015,2,3,3,0,0.2413793103448276,0.8,1.7605334392984524
CC(C(=O)NCc1ccc(C(C)(C)C)cc1Cl)c1ccc(NS(C)(=O)=O)c(F)c1,-7.59,0.690483321243205,0.7471264367816092,1.2625715885441506,440.9680000000001,4.568000000000003,2,3,6,0,0.25287356321839083,0.8,1.748845384792563
Cc1cc2c(cc(C(=O)N[C@H](CO)c3ccc(S(=O)(=O)C4(C(=O)O)COC(C)(C)C4)cc3)n2C)c(Cl)c1Cl,-9.277,0.3820678059028231,0.3513513513513513,1.215879980498573,583.4900000000004,4.052920000000003,3,6,7,1,0.6486486486486487,0.8,1.7367053503264112
C[C@]12CC[C@H](O)C[C@H]1CC[C@@H]1[C@@H]2CC[C@]2(C)C(=O)CC[C@@H]12,-7.382,0.732972735378759,0.7857142857142857,1.2223408480937423,290.447,3.959100000000003,1,2,0,0,0.21428571428571427,1.0,1.719723058063796
COc1ccc2c(c1)C(=O)N(C[C@@]1(C#Cc3ccc([C@H](CC(=O)O)OCC4CC4)nc3)NC(=O)NC1=O)C2,-8.278,0.33521775642547763,0.8347826086956522,1.2457234417663192,518.5260000000003,1.6182999999999998,3,7,9,1,0.16521739130434782,1.0,1.710359025915764
Cc1ccc(S(=O)(=O)N2CCC(C(=O)Nc3ccc(S(=O)(=O)CC(=O)O)cc3)CC2)cc1,-7.953,0.617083749058149,0.6621621621621622,1.2132458741715153,480.56400000000025,1.8927199999999993,2,6,7,0,0.33783783783783783,1.0,1.7018450227639106
CC(=O)N[C@@H](C)c1ccc(O[C@@H]2CCN(c3nc(C(C)(C)O)ncc3Cl)C2)cc1,-7.474,0.7484932991023103,0.7216494845360825,1.2670627310354097,418.92500000000007,3.212200000000002,2,6,6,0,0.27835051546391754,0.8,1.6807613675225264
CS(=O)(=O)NC(=O)c1cc(Cl)c(-n2cc(Cl)c3cc(C(F)(F)F)ccc32)cc1F,-7.965,0.561734490234282,0.7096774193548387,1.205160514342142,469.2430000000001,4.784600000000002,1,3,3,0,0.2903225806451613,0.8,1.6511001657780828
Cc1c(Cl)c(Cl)cc2c(Cl)c(C(=O)NS(=O)(=O)C3CC3)cnc12,-7.096,0.8618821471148763,0.7471264367816092,1.2692508174001693,393.6790000000002,3.7254200000000033,1,4,3,0,0.25287356321839083,0.8,1.6017059711289
CC(=O)NC(C)Cc1ccc(C#Cc2ccc(C(=O)O)cc2)cc1,-7.21,0.8510844447907284,0.7076923076923076,1.2807534760395431,321.376,2.851700000000001,2,2,4,0,0.2923076923076923,0.8,1.5919273774700735
CS(=O)(=O)NC(=O)c1cc(C2CC2)c(OCC2(C(F)(F)F)CC(F)(F)C2)cc1F,-7.439,0.6774783969502004,0.7956989247311828,1.2760423088030253,445.38100000000003,3.749100000000003,1,4,6,0,0.20430107526881722,0.8,1.5637531525426982
C[C@@H](NC(=O)c1cc2c(s1)CCCC2)c1ccc(C(=O)O)cc1,-7.401,0.8960031156622603,0.5689655172413793,1.2619700485881007,329.421,3.8161000000000023,2,3,4,0,0.43103448275862066,1.0,1.5598511094336267
COc1ccc2c(c1)C(=O)N(C[C@@]1(C#Cc3cnc(C(=O)O)cn3)NC(=O)NC1=O)C2,-7.972,0.45240546633887846,0.8111111111111111,1.2581953235039998,421.36900000000014,-0.23089999999999938,3,7,4,0,0.18888888888888888,0.8,1.5525570764476841
Cc1c(C(=O)N2CCC(C(=O)O)CC2)cnn1-c1nn2cccc2c(=O)[nH]1,-7.382,0.6895629806333592,0.8043478260869565,1.217931357765032,370.369,0.45351999999999976,2,5,3,0,0.1956521739130435,0.8,1.5474027346279446
CC(C)(CO)NC(=O)c1cc(NC(=O)c2cc(-c3ncccc3F)ccc2Cl)n(-c2ccccc2)n1,-8.34,0.3415426672905241,0.7701149425287357,1.2008906170351916,507.95300000000015,4.479800000000003,3,5,7,1,0.22988505747126436,1.2,1.5320824851237225
Cc1ccc2nc(C(=O)N[C@H](C)c3ccc(S(=O)(=O)CC(=O)O)cc3)cn2c1,-8.197,0.6521878578887399,0.4852941176470589,1.2552481763123355,401.4440000000002,1.9920200000000001,2,5,6,0,0.5147058823529411,0.8,1.5187562262576972
CC1(C)[C@@H]2CC[C@@]1(CS(=O)(=O)N1CCN(c3ccc(C(F)(F)F)cn3)CC1)C(=O)O2,-7.739,0.6593078827246769,0.6708860759493671,1.2677293296068761,447.47900000000016,2.2840000000000007,0,6,4,0,0.3291139240506329,1.2,1.481701316817541
COc1cc(C2C(C#N)=C(N)OC3=C2C(=O)CC(C)(C)C3)cc(OC)c1OC,-6.814,0.850081708981926,0.8602150537634409,1.2820227282147927,384.43200000000013,3.163280000000002,1,7,4,0,0.13978494623655913,1.0,1.4672558692175135
Cc1nc2c(c(C(F)(F)F)n1)CCN(C(=O)c1cccc(C(F)(F)F)c1Cl)C2,-7.663,0.6259551172027994,0.7341772151898734,1.2792447315404127,423.744,4.674520000000002,0,3,1,0,0.26582278481012656,1.0,1.4414473597689232
Cc1cc2cc(C(=O)N[C@H](CO)c3ccc(S(=O)(=O)CC(=O)O)cc3)c(=O)[nH]c2cc1F,-8.772,0.41262668843087924,0.4864864864864865,1.212663468452694,462.4550000000002,1.2973199999999998,4,6,7,0,0.5135135135135135,1.2,1.437741845879952
CC(C)S(=O)(=O)NS(=O)(=O)c1ccc([C@@H](C)NC(=O)c2cc3c(Cl)cc(C(F)(F)F)cc3n2C)cc1,-8.801,0.44176039317717436,0.43661971830985913,1.2635963329154127,566.0230000000001,4.358000000000002,2,5,7,1,0.5633802816901409,1.2,1.4094027859183311
C[C@@H](NC(=O)c1c[nH]c2c(C(=O)N[C@H](CO)c3ccc(S(=O)(=O)CC(=O)O)cc3)cc(Cl)cc12)c1ccc(F)cc1,-9.292,0.18443673593047305,0.5063291139240507,1.2312999739888408,602.0400000000003,3.773100000000003,5,6,10,1,0.4936708860759494,1.2,1.3991344613547487
COc1cc2c(cc1C(F)(F)F)N(S(=O)(=O)c1ccc(C(C)C)cc1)CC2,-7.265,0.755606825326728,0.7558139534883721,1.269630879838244,399.43400000000014,4.588800000000004,0,3,4,0,0.2441860465116279,0.8,1.3943899734939156
Cc1ccc(C(=O)N[C@@H](C)c2ccc(S(=O)(=O)CC(=O)O)cc2)cc1,-7.816,0.8224186764591515,0.44067796610169496,1.2608121822142488,361.4190000000001,2.3443200000000006,2,4,6,0,0.559322033898305,0.8,1.3914107361498422
CC(=O)N[C@@H](C)c1ccc(O[C@@H]2CCN(c3ccnc(OCC(F)F)c3)C2)cc1,-7.455,0.7274087864898261,0.7023809523809523,1.2267898787326945,405.4450000000001,3.580300000000003,1,5,8,0,0.2976190476190476,0.8,1.3837022053075372
COc1cc2nc(C)nc(N[C@H](C)c3cc(C(F)(F)F)cc(C(F)(F)F)c3)c2cc1Cl,-8.167,0.4316345076866944,0.72,1.2440289002197316,463.8090000000001,6.810920000000003,1,4,4,1,0.28,0.8,1.3830609198259711
COc1cc2c(cc1O)CC[C@@H]1[C@@H]2CC[C@]2(C)[C@@H](O)CC[C@@H]12,-6.87,0.832809135520442,0.8404255319148937,1.1935355883383578,302.41400000000004,3.6178000000000026,2,3,1,0,0.1595744680851064,0.8,1.382563194589232
Cc1cc(COc2ccc(S(=O)(=O)C[C@@H](C(=O)NO)S(C)(=O)=O)cc2)c2ccc(Cl)cc2n1,-8.412,0.34627626194752065,0.7045454545454546,1.2026567451693249,512.9930000000002,2.4679200000000003,2,8,8,1,0.29545454545454547,1.0,1.3636836345715548
C[C@H](CO)S(=O)(=O)Cc1ccc(C(=O)Nc2ccc(Cl)c([C@]3(C(F)F)COCC(N)=N3)c2)c(Cl)c1,-8.023,0.4621099350140343,0.7446808510638299,1.277824598451927,550.4110000000003,3.3891000000000018,3,7,8,1,0.2553191489361702,0.8,1.35790378038139
CS(=O)(=O)c1ccc(Cl)c(C(=O)Nc2ccc([C@H](CO)NC(=O)c3cnc4ccccc4c3)cc2)c1,-8.585,0.3359218039334278,0.6395348837209303,1.2740297190180323,523.9980000000003,4.007400000000002,3,6,7,1,0.36046511627906974,0.8,1.3577595031574703
Cc1cc(COc2ccc(S(=O)(=O)CC(=O)O)cc2)c2ccc(C(=O)O)cc2n1,-7.904,0.6021293054930511,0.64,1.2399762610774725,415.4230000000001,2.67872,2,6,7,0,0.36,0.8,1.351297280991765
COc1ccc(C(=O)N[C@@H](CC(=O)O)c2ccc(Cl)cc2)nc1-c1ccc(C(F)(F)F)cc1,-8.134,0.476024865738353,0.6790123456790124,1.2453350033370005,478.8540000000001,5.375200000000003,2,4,7,1,0.32098765432098764,1.0,1.3475247566020143
Cc1cc2nc(C(=O)N[C@H](CO)c3ccc(S(=O)(=O)C4(C(=O)O)CC4)cc3)c(Cl)cc2cc1Cl,-8.5,0.43007428663689806,0.5696202531645569,1.2310872849610697,523.3940000000002,3.704320000000002,3,6,7,1,0.43037974683544306,1.0,1.343419001625919
C[C@@H](NC(=O)c1cc2cc(F)ccc2n1C)c1ccc(S(=O)(=O)CC(=O)O)cc1,-8.469,0.6403153318322358,0.3492063492063492,1.221041543510601,418.44600000000014,2.6667000000000005,2,4,6,0,0.6507936507936508,1.0,1.3405428756956634
CC(C)n1cc(C(=O)c2cncc(NC(=O)Cc3ccc(Cl)cn3)c2)c2cnccc21,-7.934,0.45282745598299035,0.7906976744186046,1.2741242471017817,433.8990000000001,4.472800000000003,1,5,6,0,0.20930232558139536,1.0,1.3396801998049608
COc1cc2c(cc1OC)C(=O)C(CC1(F)CCN(Cc3ccc(Cl)cc3)CC1)C2,-7.47,0.6369351051368223,0.788235294117647,1.2081136052914851,431.9350000000002,5.106600000000005,0,4,6,1,0.21176470588235294,0.8,1.3367261478455312
Cc1cc(Cl)c2cc(C(=O)N[C@H](COc3ccc(S(=O)(=O)CC(=O)O)cc3)C(C)C)ccc2c1,-8.565,0.4448245026122749,0.52,1.1680068205418652,504.00400000000025,4.493320000000003,2,5,9,1,0.48,1.2,1.3149899702887673
CCS(=O)(=O)c1ccc(CC(=O)Nc2ccc(C(C)(C)C(=O)NS(C)(=O)=O)cc2F)cc1,-7.699,0.5912675638978603,0.7325581395348837,1.2543243288325623,484.5710000000002,2.1539,2,6,8,0,0.26744186046511625,1.0,1.2990918715872473
CC[C@@]1(O)C(=O)OCc2c1cc1n(c2=O)Cc2c-1nc1ccccc1c2C(=O)OC,-7.745,0.506423670862919,0.8055555555555556,1.2332534125613597,406.3940000000001,1.8662,1,7,2,0,0.19444444444444445,1.0,1.2924549916204757
Cc1ccc2c(c1)c(=O)c(C(=O)N[C@@H](C)c1ccc(S(=O)(=O)CC(=O)O)cc1)cn2C,-8.324,0.603401154894457,0.4411764705882353,1.270846291873936,442.49300000000017,2.1962200000000003,2,5,6,0,0.5588235294117647,0.8,1.2689061710274692
CC(C)(CO)n1cc(C(=O)c2cncc(NC(=O)COc3ccc(F)cc3)c2)c2cnc(N)nc21,-8.247,0.3276660137435218,0.7798165137614679,1.2759723143634942,478.4840000000002,2.5234999999999994,3,8,8,0,0.22018348623853212,0.8,1.2623123420770652
COc1ccc2[nH]c(C(=O)N3CC(=O)N(Cc4cccc(Cl)c4)[C@@H](Cc4ccccc4)C3)cc2c1,-7.999,0.41930815988339915,0.7830188679245282,1.2368995275995835,487.9870000000002,4.925800000000004,1,3,6,0,0.2169811320754717,1.2,1.243319690418023
Cc1cccc(-c2nc(C(=O)N[C@H](CO)c3ccc(S(=O)(=O)CC(=O)O)cc3)c(C)s2)c1,-8.517,0.45699062398469587,0.513157894736842,1.2612435633299215,474.56000000000023,2.748640000000001,3,7,8,0,0.4868421052631579,0.8,1.2317743637121308
CCS(=O)(=O)c1ccc(CC(=O)Nc2ccc(C(C)(C)C(=O)O)cc2)cc1,-7.177,0.7580371237240489,0.7631578947368421,1.2198236023996498,389.4730000000001,3.023600000000001,2,4,7,0,0.23684210526315788,0.8,1.2291218606440992
CC(=O)NC(C)Cc1ccc(C2CN(c3ccc(S(C)(=O)=O)cn3)C2)cc1,-7.067,0.8216440016869998,0.7402597402597403,1.2603198531418254,387.5050000000001,2.1559999999999997,1,5,6,0,0.2597402597402597,0.8,1.2275447674180204
CC(=O)N[C@@H](C)c1ccc(OC2CCN(c3ccc(S(C)(=O)=O)cc3)C2)cc1,-7.366,0.8040292236309325,0.6285714285714286,1.2187539024812437,402.51600000000013,2.9449000000000014,1,5,6,0,0.37142857142857144,0.8,1.223035429160369
Cc1cc2cc(C(=O)N[C@H](C)c3ccc(S(=O)(=O)CC(=O)O)cc3)n(C)c2c(C)n1,-8.567,0.6216227285311265,0.30645161290322576,1.1634374057444334,429.4980000000002,2.539440000000001,2,5,6,0,0.6935483870967742,1.0,1.2196318556878805
Cc1cc2c(NC(=O)CS(=O)(=O)Cc3ccc(Cl)cc3)cccc2n1C,-7.403,0.721863831813367,0.7012987012987013,1.280202107392142,390.89200000000005,3.693620000000003,1,3,5,0,0.2987012987012987,0.8,1.2092692790157251
Cc1cc(COc2ccc(S(=O)(=O)C[C@@H](C(=O)O)C(C)(C)C(=O)O)cc2)c2ccccc2n1,-7.951,0.4828897200549309,0.7261904761904762,1.2060932796048733,471.5310000000002,3.7075200000000024,2,6,9,0,0.27380952380952384,0.8,1.2015086519336626
CC(=O)N[C@@H](C)c1ccc(OC2CCN(c3ccc(S(C)(=O)=O)cn3)C2)cc1,-7.319,0.7964556514621944,0.6533333333333333,1.221568819710633,403.50400000000013,2.3399,1,6,6,0,0.3466666666666667,0.8,1.1988092133184998
Cc1ccc(Cc2cc([C@@H]3O[C@H](CO)[C@@H](O)[C@H](O)[C@H]3O)c3c(c2Cl)OC(C)(C)C3)cc1,-7.515,0.5731619117774809,0.8152173913043479,1.1954110432670084,448.94300000000027,2.46762,4,6,4,0,0.18478260869565216,0.8,1.195724596267306
Cc1cc2cc(C(=O)N[C@H](CO)c3ccc(S(=O)(=O)C(C)(C)C(=O)O)cc3)n(C)c2cc1F,-8.875,0.4814929417691644,0.32352941176470584,1.2177031882183025,476.52600000000024,2.7261200000000008,3,5,7,0,0.6764705882352942,1.0,1.1956280413684601
CC(C)(CC(O)(Cc1cc2cc(Cl)ccc2[nH]1)C(F)(F)F)c1cc(C(=O)O)cc(C(=O)O)c1,-8.216,0.35835050424801845,0.7466666666666666,1.271538859789274,483.8700000000002,5.4215000000000035,4,3,7,1,0.25333333333333335,0.8,1.1888466252162853
Cc1nc2cccc(-c3cc4c([nH]3)CCNC4=O)c2nc1NC(C)(C)C,-7.239,0.661835299446559,0.8352941176470589,1.2279612412538632,349.43800000000005,3.4296200000000017,3,4,2,0,0.16470588235294117,1.0,1.1846559065572524
Cc1c(Cl)c2ccc(C(=O)N[C@H](C)c3ccc(S(=O)(=O)CC(=O)O)cc3)cc2n1C,-8.521,0.6000634407579427,0.34375,1.2013680243773115,448.9280000000002,3.4894200000000017,2,4,6,0,0.65625,0.8,1.1805056895877952
Cc1ccc2oc(C(=O)N[C@H](CO)c3ccc(S(=O)(=O)CC(=O)O)cc3)c(C)c2c1,-8.424,0.5227539115859897,0.4714285714285714,1.2139174291120072,431.46600000000024,2.371340000000001,3,6,7,0,0.5285714285714286,0.8,1.1776378200346993
CC(C)NC(=O)CS(=O)(=O)c1ccc([C@@H](C)NC(=O)c2cc3c(Cl)c(Cl)c(Cl)cc3n2C)cc1,-9.085,0.41232298946685514,0.3015873015873016,1.1874471307997474,544.8880000000003,4.927800000000003,2,4,7,1,0.6984126984126984,1.0,1.15419061638589
C[C@@H](NC(=O)c1cc2cc(Cl)c(F)cc2n1C)c1ccc(S(=O)(=O)CC(=O)O)cc1,-8.549,0.5964766915622101,0.328125,1.1903566994135337,452.8910000000002,3.320100000000001,2,4,6,0,0.671875,1.0,1.1374406136041653
CCS(=O)(=O)c1ccc(CC(=O)Nc2ccc(-c3nc4ccc(C)cc4n3C(C)C)cc2)cc1,-8.206,0.37900122855825974,0.7176470588235294,1.249539911035182,475.6140000000002,5.567420000000006,1,4,7,1,0.2823529411764706,1.0,1.1279263843320382
Cc1c(C(=O)N2CC(C(=O)O)C2)cnn1-c1nc2c(c(=O)[nH]1)CCC2,-6.875,0.803197029032464,0.8241758241758241,1.252053940106686,343.3430000000002,-0.09067999999999987,2,5,3,0,0.17582417582417584,0.8,1.1089484495591488
C[C@H](CCC(=O)O)S(=O)(=O)c1ccc([C@@H](CO)NC(=O)c2cc3c(Cl)cc(Cl)cc3[nH]2)cc1,-8.585,0.3419820289929951,0.5875,1.2715314657470875,513.3990000000002,3.9651000000000023,4,5,9,1,0.4125,1.0,1.0937194456781325
Cc1ccc2c(c1)c(CC(=O)O)c(C)n2C(=O)c1ccc(Cl)cc1,-7.149,0.7752442454618169,0.7313432835820896,1.2448697665722683,341.794,4.227140000000003,1,2,3,0,0.26865671641791045,1.0,1.083851652465702
CC(C(=O)NCc1ccc(C(C)(C)C)cc1)c1ccc(S(=O)(=O)CC(=O)O)cc1,-7.503,0.7201321206669088,0.6376811594202898,1.2434950771540323,417.52700000000016,3.2623000000000015,2,4,7,0,0.36231884057971014,1.2,1.0816152447243228
CS(=O)(=O)Nc1ccc2c(c1)S(=O)(=O)N=C(c1c(O)c(-c3cccs3)nn(CC(F)F)c1=O)N2,-7.842,0.43465630548387896,0.8055555555555556,1.2282579389938337,531.5440000000002,1.8749999999999996,3,9,6,1,0.19444444444444445,0.8,1.074713152993488
COc1ccc2c(c1)c(CC(=O)NS(=O)(=O)c1ccc([C@@H](C)O)cc1)cn2C(=O)c1ccc(Cl)cc1,-8.263,0.37461984586245134,0.686046511627907,1.2101653702267172,526.9980000000002,4.0927000000000024,2,6,7,1,0.313953488372093,0.8,1.0603648987957583
CCS(=O)(=O)CC(=O)N[C@H]1CC[C@H](CCN2CCC(c3cccc4c3CCO4)CC2)CC1,-7.304,0.6415676029206859,0.8076923076923077,1.247882863411723,462.6560000000004,3.3007000000000017,1,5,8,0,0.19230769230769232,1.0,1.0579394502611779
Cc1cc(NC(=O)c2ccc(NS(=O)(=O)CCO)cc2N2CCC3(CC2)CC3)nc(N2CC(F)(F)C2)n1,-7.92,0.46995008119235543,0.7294117647058824,1.2053630300870333,536.6050000000002,2.6070200000000003,3,8,8,1,0.27058823529411763,0.8,1.0577093810371632
C[C@@H](NC(=O)c1cc2cc(Cl)cc(F)c2n1C)c1ccc(S(=O)(=O)CC(=O)O)cc1,-8.431,0.5964766915622101,0.36363636363636365,1.2032015508194838,452.8910000000002,3.320100000000002,2,4,6,0,0.6363636363636364,1.2,1.0443101948890126
Cc1c(C(=O)N2CCN(S(C)(=O)=O)CC2)cnn1-c1nn2cccc2c(=O)[nH]1,-7.421,0.6101616135653231,0.7835051546391752,1.2152866222920278,405.44000000000005,-0.7658799999999977,1,6,3,0,0.21649484536082475,1.0,1.0112874265902234
Cc1cc(Cl)c2ccc(C(=O)N[C@H](CO)c3ccc(S(=O)(=O)C(C)C(=O)O)cc3)nc2c1,-8.407,0.47693716908646927,0.5,1.2434708924343474,476.9380000000002,2.9068200000000006,3,6,7,0,0.5,1.2,1.0044256824019058
C[C@@H](NC(=O)c1cc(C(=O)N[C@H](C)c2ccc(F)cc2)n2c1COCC2)c1ccccc1,-7.859,0.6113522098632258,0.5897435897435898,1.1900008009702359,435.4990000000002,4.139400000000004,2,3,6,0,0.41025641025641024,0.8,1.0036477842484808
CC(C)(C)c1[nH]cnc1/C=c1\[nH]c(=O)/c(=C/c2ccc([N+](=O)[O-])cc2)[nH]c1=O,-7.76,0.45171325702775594,0.8,1.1876641917525896,381.3920000000001,0.6495999999999998,3,5,3,0,0.2,0.8,0.9441789393922748
CC(=O)N[C@@H](C)c1ccc(OC2CCN(c3cc(C(F)(F)F)ccc3Cl)C2)cc1,-7.391,0.7128633014131261,0.6704545454545454,1.2663156113748633,426.866,5.213600000000005,1,3,5,1,0.32954545454545453,1.0,0.9407483389247357
Cc1cc2[nH]c(=O)c3cnn(C4CCOCC4)c3c2cc1C(=O)N1CCOCC1,-7.208,0.7157784775315327,0.7462686567164178,1.2282280270732857,396.44700000000023,2.0101199999999997,1,5,2,0,0.2537313432835821,0.8,0.9360622595373154
Cc1cc2c(N)c(C(=O)NC[C@@H](C)c3ccc(S(=O)(=O)CC(=O)O)cc3)nn2c(C)c1Cl,-8.327,0.4729159203317358,0.5263157894736843,1.2553460123981754,478.9580000000002,2.5785400000000003,3,6,7,0,0.47368421052631576,1.0,0.928320179728344
Cc1cc2cc(C(=O)N[C@H](C)c3ccc(S(=O)(=O)C(C(=O)O)C(C)C)cc3)n(C)c2c(Cl)n1,-8.46,0.4835587363011329,0.4558823529411765,1.2243927293227914,491.99700000000024,3.9090200000000026,2,5,7,0,0.5441176470588235,0.8,0.9249454592166559
CCS(=O)(=O)c1ccc(CC(=O)Nc2ccc(C(C)(C)C(=O)NS(C)(=O)=O)c(F)c2)cc1,-7.517,0.5912675638978603,0.7471264367816092,1.2451235841089259,484.5710000000002,2.1539,2,6,8,0,0.25287356321839083,0.8,0.9211457324409045
CC(C)(C)c1[nH]cnc1/C=c1\[nH]c(=O)/c(=C/c2ccc(C(=O)O)cc2)[nH]c1=O,-7.632,0.5234951175910961,0.7681159420289855,1.1901471917026711,380.4040000000001,0.4395999999999993,4,4,3,0,0.2318840579710145,1.0,0.8973584536709559
Cc1cc(Cl)cc2cc(C(=O)N[C@H](CO)c3ccc(S(=O)(=O)C(C)(C)C(=O)O)cc3)n(C)c12,-8.799,0.46455905191803193,0.32352941176470584,1.191195402171189,492.9810000000003,3.240420000000001,3,5,7,0,0.6764705882352942,1.0,0.8927665327564653
C[C@@H](NC(=O)Nc1cc2[nH]nc(NC(=O)OC(C)(C)C)c2cn1)c1ccccc1,-7.71,0.5268659715136127,0.7272727272727273,1.2506713202241821,396.4510000000001,4.187600000000003,4,5,4,0,0.2727272727272727,0.8,0.8795035282474356
CC(C)(O)[C@H](F)CNC(=O)c1cnc(-n2ccc3cc(C(N)=O)ccc32)cn1,-7.512,0.5911316402844322,0.7402597402597403,1.280316441602642,385.39900000000017,1.3581999999999996,3,5,6,0,0.2597402597402597,1.2,0.8675316345341331
Cc1cc2c(cc(C(=O)N[C@H](CO)c3ccc(S(=O)(=O)C[C@@H]4CCOC4=O)cc3)n2C)c(Cl)c1Cl,-8.851,0.4438969441477949,0.3194444444444444,1.254932111687048,539.4370000000004,3.593720000000002,2,6,7,1,0.6805555555555556,1.0,0.8674923320285324
CC(C)(C)NS(=O)(=O)c1ccc(-c2c(C#N)c3cc(Cl)ccc3n2C2CCC2)c(Cl)c1,-7.801,0.48106119877001136,0.7325581395348837,1.2397275068358755,476.4290000000002,6.288580000000004,1,3,4,1,0.26744186046511625,0.8,0.8453168387262676
C[C@@H](NC(=O)CS(=O)(=O)c1ccc(-c2ccc(Cl)cc2)cc1)c1ccc(S(=O)(=O)C(C)(C)C(=O)O)cc1,-8.602,0.3961724753528263,0.4769230769230769,1.2670406976912183,564.0810000000004,4.2950000000000035,2,6,9,1,0.5230769230769231,0.8,0.8431950512664099
CC(C)OC(=O)NS(=O)(=O)c1ccc([C@@H](C)NC(=O)c2cc3c(Cl)cc(Cl)cc3n2C)cc1,-8.603,0.4937280122210479,0.36764705882352944,1.1701870480660872,512.4150000000003,4.799400000000004,2,5,6,1,0.6323529411764706,0.8,0.840189073059616
Cc1cc(Cc2cc([C@@H]3O[C@H](CO)[C@@H](O)[C@H](O)[C@H]3O)c3c(c2Cl)CCO3)c2cc(Cl)ccc2n1,-7.749,0.4307277627190731,0.8089887640449438,1.2540503466238202,506.3820000000003,2.890620000000001,4,7,4,1,0.19101123595505617,0.8,0.8327880581606592
Cc1cc(C#N)cc(C)c1Oc1cc(NC2CCN(Cc3ccc(S(=O)(=O)CC(=O)O)cc3)CC2)nc(C(F)(F)F)n1,-8.179,0.35263081934426216,0.7065217391304348,1.2418525818818813,603.6230000000004,4.711020000000003,2,9,9,1,0.29347826086956524,1.0,0.8237740994615343
CCCCCOC(=O)N1CCN(C(=O)[C@H](CCC(=O)O)NC(=O)c2cc(N3CCOCC3)nc(-c3ccccc3)n2)CC1,-8.231,0.3492030999510946,0.6868686868686869,1.2205543617498353,596.6850000000002,2.4144000000000023,2,9,12,1,0.31313131313131315,0.8,0.8192979249629522
Cc1c(N2CCN(c3ccccc3)CC2)c(=O)n(C[C@H](N)c2ccccc2)c(=O)n1Cc1c(F)cccc1Cl,-8.101,0.3754508357361056,0.7142857142857143,1.2776493285848403,548.0620000000002,4.185820000000002,1,5,7,1,0.2857142857142857,1.2,0.8183324369886711
CC(C)(CS(=O)(=O)c1ccc([C@@H](CO)NC(=O)c2cc(Cl)cc(Cl)c2)cc1)C(F)(F)F,-7.872,0.5737954944608776,0.5866666666666667,1.263474277020405,498.35000000000014,4.8190000000000035,2,4,7,0,0.41333333333333333,0.8,0.7757369290996452
CC(C)N(C)C(=O)CS(=O)(=O)c1ccc([C@@H](C)NC(=O)c2cc3c(Cl)c(Cl)c(Cl)nc3n2C)cc1,-8.867,0.42421782577069106,0.31818181818181823,1.2247363836074177,559.9030000000001,4.665000000000004,1,5,7,1,0.6818181818181818,0.8,0.7734751372643367
COc1ccc(C2C3=C(CC(C)(C)CC3=O)N(c3ccc(C(=O)O)cc3)C(=O)N2C)cc1,-7.001,0.7569206596523286,0.7625,1.2685060318261618,434.49200000000013,4.649700000000004,1,4,4,0,0.2375,0.8,0.7704718896833165
CCOc1ccc2c(c1)C(=O)N(C[C@@]1(C#Cc3ccc([C@H](CO)NC(=O)C(C)(C)O)cc3)NC(=O)NC1=O)C2,-8.278,0.245057708067897,0.7727272727272727,1.253669475090344,534.5690000000001,0.5915000000000008,5,7,8,1,0.22727272727272727,0.8,0.7652535345922662
Cc1cc2c(cc(C(=O)N[C@H](CO)c3ccc(S(=O)(=O)C(C)(C)C(=O)O)c(F)c3)n2C)c(Cl)c1F,-8.887,0.43064898165902277,0.30000000000000004,1.1984709966727298,528.9610000000002,3.518620000000002,3,5,7,1,0.7,1.0,0.7599924712662387
CC(O)(CS(=O)(=O)c1ccc([C@@H](CO)NC(=O)c2cc3c(Cl)c(Cl)c(Cl)cc3[nH]2)cc1)C(=O)O,-8.691,0.27004304808655705,0.5625,1.1998012754025191,549.8160000000004,3.2008,5,6,8,1,0.4375,0.8,0.7520561386432695
