smiles_canonical,smiles_raw,temperature,perplexity,vina_score,qed,mw,logp,hbd,hba,rotbonds,tpsa,lipinski_violations,pains_hits,max_tanimoto_known,novelty,z_affinity,z_qed,z_novelty,z_druglike,composite_score,on_pareto_front
O=C(c1cc(Cc2n[nH]c(=O)c3c2CCCC3)ccc1F)N1CCN(S(=O)(=O)c2ccc(Cl)c(Cl)c2)CC1,O=C(c1cc(Cc2n[nH]c(=O)c3c2CCCC3)ccc1F)N1CCN(S(=O)(=O)c2ccc(Cl)c(Cl)c2)CC1,1.0,1.247286653348745,-10.022,0.4952307093712753,579.4810000000001,3.832100000000003,1,5,5,103.44,1,0,0.21505376344086022,0.7849462365591398,2.8731546245504784,0.09373616861814009,1.3978813132035752,-1.0653637876331257,6.705244837106108,True
C[C@@]1(c2cc(NC(=O)c3ccc(Cl)cn3)ccc2F)CS(=O)(=O)C2(CC(O)C2)C(=N)N1,C[C@@]1(c2cc(NC(=O)c3ccc(Cl)cn3)ccc2F)CS(=O)(=O)C2(CC(O)C2)C(=N)N1,1.2,1.2598961680053244,-9.479,0.5480459535965255,466.92200000000025,2.2303699999999997,4,6,3,132.24,0,0,0.19791666666666666,0.8020833333333334,2.1300516406347154,0.4815183213030917,1.466283431785738,0.9386465089278643,6.677228288822192,True
C[C@@H]1CN(S(=O)(=O)c2ccc([C@@H](C)NC(=O)c3cc4c(Cl)cc(Cl)cc4[nH]3)cc2)CCN1,C[C@@H]1CN(S(=O)(=O)c2ccc([C@@H](C)NC(=O)c3cc4c(Cl)cc(Cl)cc4[nH]3)cc2)CCN1,0.8,1.23647464532331,-9.785,0.49988728809693406,495.4320000000002,3.948100000000002,3,4,5,94.30000000000001,0,0,0.3516483516483517,0.6483516483516483,2.548816858090008,0.1279258831384719,0.8526688222336644,0.9386465089278643,6.547551676016084,True
Cc1cc2c(cc(C(=O)N[C@H](C)c3ccc(S(=O)(=O)C4CCOCC4)cc3)n2C)c(Cl)c1F,Cc1cc2c(cc(C(=O)N[C@H](C)c3ccc(S(=O)(=O)C4CCOCC4)cc3)n2C)c(Cl)c1F,1.0,1.1889811600727698,-9.731,0.5585876113004951,493.00000000000034,4.722920000000004,1,4,5,77.4,0,0,0.6714285714285714,0.3285714285714286,2.4749171138331914,0.5589176929670564,-0.423722669385599,0.9386465089278643,5.554352505711772,True
COc1ccc2c(c1)C(=O)N(C[C@@]1(C#Cc3ccc(C(C)(C)O)c(C)c3)NC(=O)NC1=O)C2,COc1ccc2c(c1)C(=O)N(C[C@@]1(C#Cc3ccc(C(C)(C)O)c(C)c3)NC(=O)NC1=O)C2,1.0,1.2716040583685766,-9.09,0.4895558496060534,447.4910000000002,1.8167199999999997,3,5,4,107.97,0,0,0.16666666666666666,0.8333333333333334,1.597699779229134,0.052069991206224006,1.5910167068473284,0.9386465089278643,5.307809510975753,True
COc1ccc2c(c1)C(=O)N(C[C@@]1(C#Cc3cc(-c4cn[nH]c4)cnc3OC)NC(=O)NC1=O)C2,COc1ccc2c(c1)C(=O)N(C[C@@]1(C#Cc3cc(-c4cn[nH]c4)cnc3OC)NC(=O)NC1=O)C2,1.0,1.273069806803104,-9.352,0.37301403450877824,472.4610000000001,1.0745999999999998,3,7,5,138.54,0,0,0.16842105263157894,0.8315789473684211,1.956250390252946,-0.8036078836037704,1.5840141370193093,0.9386465089278643,5.162230288385363,True
O=C(C(=O)N1CCN(C(=O)c2ccccc2)CC1)c1c[nH]c2c(Cl)cc(Cl)cc12,O=C(C(=O)N1CCN(C(=O)c2ccccc2)CC1)c1c[nH]c2c(Cl)cc(Cl)cc12,1.0,1.258834506406022,-9.067,0.5095366763466277,430.2910000000001,3.642000000000002,1,3,3,73.48,0,0,0.27586206896551724,0.7241379310344828,1.5662239622308611,0.1987739991028802,1.1551671020344145,0.9386465089278643,4.955712280062949,False
Cc1ccc2[nH]c(C(=O)N[C@H](C)c3ccc([C@@H](C)NC(=O)c4cccc(Cl)c4)cc3)c(Cl)c2c1,Cc1ccc2[nH]c(C(=O)N[C@H](C)c3ccc([C@@H](C)NC(=O)c4cccc(Cl)c4)cc3)c(Cl)c2c1,1.0,1.25975455029601,-10.156,0.27697517591422177,494.4220000000002,6.765120000000004,3,2,6,73.99000000000001,1,0,0.35714285714285715,0.6428571428571428,3.0565354714099855,-1.5087481489478016,0.8307376969481101,-1.0653637876331257,4.902378597003716,True
Cc1cc2cc(C(=O)N[C@H](C)c3ccc(S(=O)(=O)C4(C(=O)O)CC4)cc3)nn2cc1C,Cc1cc2cc(C(=O)N[C@H](C)c3ccc(S(=O)(=O)C4(C(=O)O)CC4)cc3)nn2cc1C,0.8,1.2113285818499648,-9.131,0.6073414482508092,441.50900000000024,2.8330400000000013,2,5,6,117.84,0,0,0.5277777777777778,0.4722222222222222,1.6538088443130134,0.9168800222448088,0.14965441724672762,0.9386465089278643,4.843475382581495,True
COc1ccc2c(c1)C(=O)N(C[C@@]1(C#Cc3ccc([C@@H](C)NC(C)=O)cc3)NC(=O)NC1=O)C2,COc1ccc2c(c1)C(=O)N(C[C@@]1(C#Cc3ccc([C@@H](C)NC(C)=O)cc3)NC(=O)NC1=O)C2,0.8,1.2072674605880511,-9.067,0.46168498421528487,460.4900000000002,1.4779999999999995,3,5,5,116.84,0,0,0.24752475247524752,0.7524752475247525,1.5662239622308611,-0.15256456718624994,1.2682745033876355,0.9386465089278643,4.71748111512704,False
Cc1cc2c(cc(C(=O)N[C@H](C)c3ccc(S(=O)(=O)C(C)(C)C(=O)O)cc3)n2C)c(F)c1F,Cc1cc2c(cc(C(=O)N[C@H](C)c3ccc(S(=O)(=O)C(C)(C)C(=O)O)cc3)n2C)c(F)c1F,0.8,1.1561194339078662,-9.559,0.5592434610354786,478.5170000000002,3.892820000000002,2,4,6,105.47,0,0,0.7704918032786885,0.2295081967213115,2.2395327432374064,0.5637330985530858,-0.8191300724848235,0.9386465089278643,4.6929917670070065,True
COc1ccc(C(=O)Nc2ccc(Cl)c([C@@]3(C(F)F)N=C(N)O[C@@H]4C[C@@H]43)c2)c(OC)n1,COc1ccc(C(=O)Nc2ccc(Cl)c([C@@]3(C(F)F)N=C(N)O[C@@H]4C[C@@H]43)c2)c(OC)n1,1.0,1.2764606931829976,-8.386,0.696466918603094,452.8450000000002,3.1983000000000015,2,7,6,108.06,0,0,0.2261904761904762,0.7738095238095238,0.6342660763254572,1.5712605379320685,1.3534295162538228,0.9386465089278643,4.662545461300738,True
Cc1cc2cc(C(=O)N[C@H](C)c3ccc(S(=O)(=O)C(C)(C)C(N)=O)cc3)n(C)c2c(Cl)n1,Cc1cc2cc(C(=O)N[C@H](C)c3ccc(S(=O)(=O)C(C)(C)C(N)=O)cc3)n(C)c2c(Cl)n1,1.0,1.2793712008963607,-9.419,0.5288297274509448,476.9860000000003,3.063720000000001,2,5,6,124.15000000000002,0,0,0.6323529411764706,0.36764705882352944,2.0479408136826995,0.3404281938119917,-0.2677536666195095,0.9386465089278643,4.637879409021813,False
Cn1c(=O)c2[nH]c(-c3ccc(S(=O)(=O)N4CCN(Cc5ccc(F)cc5)CC4)cc3)cc2n(C)c1=O,Cn1c(=O)c2[nH]c(-c3ccc(S(=O)(=O)N4CCN(Cc5ccc(F)cc5)CC4)cc3)cc2n(C)c1=O,0.8,1.2061630610837886,-9.408,0.44112722987347186,511.5790000000003,1.8779,1,5,5,100.41,1,0,0.23076923076923078,0.7692307692307692,2.0328871620748283,-0.30350451549051977,1.3351535785158604,-1.0653637876331257,4.564741493358434,False
Cc1ccc(C(=O)c2ccc([C@@H](C)NC(=O)c3cc4c(Cl)cc(Cl)cc4[nH]3)cc2)cc1,Cc1ccc(C(=O)c2ccc([C@@H](C)NC(=O)c3cc4c(Cl)cc(Cl)cc4[nH]3)cc2)cc1,0.8,1.278730275825212,-9.913,0.3402082388494225,451.3530000000001,6.505120000000004,2,2,5,61.96,1,0,0.4307692307692308,0.5692307692307692,2.723986622254313,-1.044475880106296,0.5368606181216818,-1.0653637876331257,4.407676088707449,False
COc1cc2c(cc1OC)C(=O)C(CC1(F)CCN(Cc3cc(F)cc(F)c3)CC1)C2,COc1cc2c(cc1OC)C(=O)C(CC1(F)CCN(Cc3cc(F)cc(F)c3)CC1)C2,0.8,1.2316768976921837,-8.297,0.6603010970222662,433.47000000000014,4.731400000000004,0,4,6,38.77,0,0,0.1686746987951807,0.8313253012048193,0.5124683496799659,1.305722427639125,1.5830017172851378,0.9386465089278643,4.3829840987481266,True
Cc1cc2cc(C(=O)N[C@H](C)c3ccc(S(=O)(=O)C(C)(C)C(=O)O)cc3)n(C)c2cc1Cl,Cc1cc2cc(C(=O)N[C@H](C)c3ccc(S(=O)(=O)C(C)(C)C(=O)O)cc3)n(C)c2cc1Cl,1.0,1.1443499950922715,-9.406,0.5523463795886813,476.9820000000002,4.2680200000000035,2,4,6,105.47,0,0,0.7666666666666667,0.23333333333333328,2.0301501345097623,0.513093077288092,-0.8038621743352083,0.9386465089278643,4.23885442643634,False
Cc1cc2c(cc(C(=O)N[C@H](C)c3ccc(S(=O)(=O)C4CCS(=O)(=O)C4)cc3)n2C)c(Cl)c1Cl,Cc1cc2c(cc(C(=O)N[C@H](C)c3ccc(S(=O)(=O)C4CCS(=O)(=O)C4)cc3)n2C)c(Cl)c1Cl,1.2,1.1570238755110516,-9.712,0.5187554242590715,543.4940000000004,4.245320000000004,1,5,5,102.31,1,0,0.6712328767123288,0.3287671232876712,2.448915351965052,0.2664602507332054,-0.422941560813785,-1.0653637876331257,4.208667500032962,True
Cc1c(C(=O)N2CCC(c3ccc(C#N)cc3)CC2)cnn1-c1nn2cccc2c(=O)[nH]1,Cc1c(C(=O)N2CCC(c3ccc(C#N)cc3)CC2)cnn1-c1nn2cccc2c(=O)[nH]1,0.8,1.211664902598834,-8.526,0.5395776352227502,427.4680000000001,2.4082,1,5,3,112.07999999999998,0,0,0.17757009345794392,0.822429906542056,0.8258580058801662,0.41934190279409284,1.5474960625890786,0.9386465089278643,4.087877231607436,True
Cc1c(Cl)c(=O)oc2cc(C(=O)N[C@H](C)c3ccc(S(=O)(=O)CC(=O)O)cc3)ccc12,Cc1c(Cl)c(=O)oc2cc(C(=O)N[C@H](C)c3ccc(S(=O)(=O)CC(=O)O)cc3)ccc12,1.0,1.240154717030483,-9.021,0.5367178315839383,463.8950000000002,3.104120000000001,2,6,6,130.74999999999997,0,0,0.5285714285714286,0.4714285714285714,1.5032723282343148,0.3983445406199245,0.1464865880388142,0.9386465089278643,4.0206990395913005,False
CC(C)S(=O)(=O)c1ccc([C@@H](C)NC(=O)c2cc(-c3ccc(F)cc3)nn2C)cc1,CC(C)S(=O)(=O)c1ccc([C@@H](C)NC(=O)c2cc(-c3ccc(F)cc3)nn2C)cc1,0.8,1.2180967006895005,-9.057,0.6444252354779906,429.5170000000001,3.899300000000003,1,4,6,81.06,0,0,0.7586206896551724,0.24137931034482762,1.552538824405525,1.189158055824213,-0.7717469402963617,0.9386465089278643,3.991812018802833,True
Cc1c(C(=O)N2CC(c3ccc(C#N)cc3)C2)cnn1-c1nn2cccc2c(=O)[nH]1,Cc1c(C(=O)N2CC(c3ccc(C#N)cc3)C2)cnn1-c1nn2cccc2c(=O)[nH]1,1.0,1.2287733061420218,-8.433,0.5626701777157126,399.4140000000001,1.628,1,5,3,112.07999999999998,0,0,0.18095238095238095,0.819047619047619,0.6985862241045386,0.5888928718419363,1.5339957811048868,0.9386465089278643,3.989384355619833,True
O=C(c1ccc2c(c1)C(O)(C(F)(F)F)c1ccccc1-2)N1CCOCC1,O=C(c1ccc2c(c1)C(O)(C(F)(F)F)c1ccccc1-2)N1CCOCC1,0.8,1.2365997806749982,-7.935,0.8476532399290236,363.3350000000002,2.9376000000000015,1,3,1,49.769999999999996,0,0,0.36538461538461536,0.6346153846153846,0.017066360402790165,2.6813066619308454,0.7978410090197787,0.9386465089278643,3.9826036462201366,True
Cc1ccc(C(=O)N2CC(c3ccc(C#N)cc3)C2)cc1-c1[nH]c(C(C)(C)O)nc1C,Cc1ccc(C(=O)N2CC(c3ccc(C#N)cc3)C2)cc1-c1[nH]c(C(C)(C)O)nc1C,0.8,1.2282235071276741,-8.181,0.673983794267872,414.5090000000002,4.032220000000003,2,4,4,93.01,0,0,0.2159090909090909,0.7840909090909091,0.35372075090606275,1.406184062727064,1.3944673037199735,0.9386465089278643,3.977416122723095,True
Cc1ccc2ccc(C(=O)N[C@H](C)c3ccc(S(=O)(=O)C4(C(=O)O)CC4)cc3)nc2c1,Cc1ccc2ccc(C(=O)N[C@H](C)c3ccc(S(=O)(=O)C4(C(=O)O)CC4)cc3)nc2c1,0.8,1.234230555011226,-8.809,0.6096060155111149,438.5050000000003,3.4251200000000015,2,5,6,113.43,0,0,0.5285714285714286,0.4714285714285714,1.213147406337183,0.9335070165905321,0.1464865880388142,0.9386465089278643,3.9756116717676444,True
CC(=O)N[C@@H](C)c1ccc(O[C@@H]2CCN(c3ccnc(N4CCOCC4)n3)C2)cc1,CC(=O)N[C@@H](C)c1ccc(O[C@@H]2CCN(c3ccnc(N4CCOCC4)n3)C2)cc1,0.8,1.1999314799949814,-8.002,0.7802965944785385,411.50600000000026,2.168,1,7,6,79.82000000000001,0,0,0.29473684210526313,0.7052631578947368,0.10875678383254488,2.186758064199687,1.079829109401933,0.9386465089278643,3.9534239957306423,True
C[C@@H](NC(=O)c1cc2c(F)ccc(F)c2n1C)c1ccc(S(=O)(=O)C2(C(=O)O)CCCC2)cc1,C[C@@H](NC(=O)c1cc2c(F)ccc(F)c2n1C)c1ccc(S(=O)(=O)C2(C(=O)O)CCCC2)cc1,0.8,1.2340752656451954,-9.175,0.5409037075350326,490.5280000000003,4.118600000000003,2,4,6,105.47000000000001,0,0,0.6716417910447762,0.32835820895522383,1.7140234507444938,0.42907824281137424,-0.42457372797877013,0.9386465089278643,3.901874670785524,False
Cc1c(C(=O)N[C@H](C)c2ccc(S(=O)(=O)C(C)(C)C)cc2)nn(C)c1-c1ccc(F)cc1,Cc1c(C(=O)N[C@H](C)c2ccc(S(=O)(=O)C(C)(C)C)cc2)nn(C)c1-c1ccc(F)cc1,0.8,1.2502857407575496,-8.794,0.6072655544229643,457.57100000000014,4.597820000000004,1,4,5,81.06,0,0,0.5588235294117647,0.4411764705882353,1.1926196995991802,0.9163227916124618,0.025736392348938413,0.9386465089278643,3.796621837623693,False
COc1cc2c(cc1OC)C(=O)C(CC1(F)CCN(Cc3ccc(F)c(F)c3)C1)C2,COc1cc2c(cc1OC)C(=O)C(CC1(F)CCN(Cc3ccc(F)c(F)c3)C1)C2,1.0,1.2558161667417216,-7.982,0.6983540347058516,419.4430000000001,4.341300000000004,0,4,6,38.77,0,0,0.18181818181818182,0.8181818181818181,0.08138650818187164,1.5851161956200799,1.5305399674235267,0.9386465089278643,3.747752433871282,True
Cc1cc2cc(C(=O)N[C@H](C)c3ccc(S(=O)(=O)CC(=O)O)cc3)n(C)c2cc1F,Cc1cc2cc(C(=O)N[C@H](C)c3ccc(S(=O)(=O)CC(=O)O)cc3)n(C)c2cc1F,1.2,1.1711258678062517,-8.901,0.6230429758188945,432.4730000000002,2.9751200000000013,2,4,6,105.47,0,0,0.676923076923077,0.32307692307692304,1.339050674330278,1.032164392318464,-0.4456537946711537,0.9386465089278643,3.7339352007717985,True
C[C@@H](c1ccc(Cl)cc1)n1nnc2c1NC(=O)C[C@]21C(=O)N(C)c2ccc(Cl)cc21,C[C@@H](c1ccc(Cl)cc1)n1nnc2c1NC(=O)C[C@]21C(=O)N(C)c2ccc(Cl)cc21,1.2,1.1900879978913201,-8.143,0.6550411015249942,442.3060000000002,3.7989000000000015,1,4,2,80.11999999999999,0,0,0.22093023255813954,0.7790697674418605,0.30171722716978683,1.2671022828879976,1.3744255935620862,0.9386465089278643,3.71428558525359,False
CC[C@@H](NC(=O)c1cc(C(=O)N2CCC[C@@H]2C)n2c1COCC2)c1ccccc1,CC[C@@H](NC(=O)c1cc(C(=O)N2CCC[C@@H]2C)n2c1COCC2)c1ccccc1,1.0,1.2544048721062413,-7.759,0.8424758926018369,395.50300000000016,3.523900000000003,1,3,5,63.57000000000001,0,0,0.3076923076923077,0.6923076923076923,-0.22379206532312787,2.643293339807944,1.0281178245180995,0.9386465089278643,3.69315028814372,True
Cc1cc2cc(C(=O)N[C@H](C)c3ccc(S(=O)(=O)CC(=O)O)cc3)c(Cl)cc2n1C,Cc1cc2cc(C(=O)N[C@H](C)c3ccc(S(=O)(=O)CC(=O)O)cc3)c(Cl)cc2n1C,1.2,1.2016139899620752,-8.84,0.6000634407579427,448.92800000000017,3.4894200000000017,2,4,6,105.47,0,0,0.6060606060606061,0.3939393939393939,1.2555713335957264,0.8634431508596403,-0.1628087364429131,0.9386465089278643,3.6811003360721126,False
Cc1ccc2c(c1)Oc1cc(Cl)ccc1C2NC(=O)c1ccc(C(F)(F)F)[nH]c1=O,Cc1ccc2c(c1)Oc1cc(Cl)ccc1C2NC(=O)c1ccc(C(F)(F)F)[nH]c1=O,1.0,1.272710185156118,-8.264,0.5972188642121156,434.80100000000016,4.980620000000003,2,3,2,71.19,0,0,0.20930232558139536,0.7906976744186046,0.46730739485635436,0.8425575896433843,1.420837974980352,0.9386465089278643,3.667333608800377,False
COc1cc2c(cc1C(F)(F)F)N(C(=O)Nc1ccc(C(=O)O)cc1)CC2,COc1cc2c(cc1C(F)(F)F)N(C(=O)Nc1ccc(C(=O)O)cc1)CC2,0.8,1.252344357239995,-7.72,0.843516098416908,380.3220000000001,4.006800000000003,2,3,3,78.87,0,0,0.2894736842105263,0.7105263157894737,-0.27716410284194026,2.6509307796441273,1.1008368188859903,0.9386465089278643,3.6667626473101693,True
COc1cc2c(cc1OC)S(=O)(=O)C(CC1(F)CCN(Cc3ccc(F)cc3)CC1)C2,COc1cc2c(cc1OC)S(=O)(=O)C(CC1(F)CCN(Cc3ccc(F)cc3)CC1)C2,0.8,1.2353864716536798,-8.063,0.6661296558160448,451.5350000000003,3.9357000000000033,0,5,6,55.84,0,0,0.2073170731707317,0.7926829268292683,0.1922361245670963,1.3485171000723857,1.428762040100544,0.9386465089278643,3.6310746437710546,True
CC(=O)c1c(C)c2cnc(Nc3ccc(C(=O)O)cc3)nc2n(C2CCCC2)c1=O,CC(=O)c1c(C)c2cnc(Nc3ccc(C(=O)O)cc3)nc2n(C2CCCC2)c1=O,0.8,1.2452073834859771,-8.183,0.6184239410698864,406.44200000000023,3.859420000000002,2,6,5,114.18,0,0,0.20481927710843373,0.7951807228915663,0.3564577784711309,0.9982503346525032,1.438731905165708,0.9386465089278643,3.619221051224405,False
COc1cc2c(cc1OC)C(=O)C(CC1(F)CCN(Cc3cccc(Cl)c3)CC1)C2,COc1cc2c(cc1OC)C(=O)C(CC1(F)CCN(Cc3cccc(Cl)c3)CC1)C2,0.8,1.2209457813142008,-8.514,0.6369351051368223,431.9350000000002,5.106600000000005,0,4,6,38.77,1,0,0.21839080459770116,0.7816091954022988,0.809435840489762,1.1341637277623824,1.3845616308833162,-1.0653637876331257,3.60491514580866,True
Cc1cc(Cl)c2ccc(C(=O)N[C@H](C)c3ccc(S(=O)(=O)CC(=O)O)cc3)c(Cl)c2c1,Cc1cc(Cl)c2ccc(C(=O)N[C@H](C)c3ccc(S(=O)(=O)CC(=O)O)cc3)c(Cl)c2c1,1.0,1.2280858628315818,-9.06,0.5278729036954612,480.3690000000002,4.804320000000003,2,4,6,100.54,0,0,0.6507936507936508,0.3492063492063492,1.5566443657531261,0.3334029649962528,-0.34135910997985064,0.9386465089278643,3.5746558409865865,False
NC(=O)n1cc(NC(=O)N2C[C@H](F)C[C@H]2C(=O)NCc2cccc(Cl)c2)c2ccccc21,NC(=O)n1cc(NC(=O)N2C[C@H](F)C[C@H]2C(=O)NCc2cccc(Cl)c2)c2ccccc21,1.0,1.2459930953963023,-8.317,0.5574827974169281,457.89300000000014,3.4822000000000015,3,3,4,109.46000000000001,0,0,0.19767441860465115,0.8023255813953488,0.5398386253306379,0.5508058852424033,1.4672503563986183,0.9386465089278643,3.5670567467662297,False
CC(C)(C)C(=O)CS(=O)(=O)c1ccc([C@@H](CO)NC(=O)c2cc3c(Cl)c(F)ccc3[nH]2)cc1,CC(C)(C)C(=O)CS(=O)(=O)c1ccc([C@@H](CO)NC(=O)c2cc3c(Cl)c(F)ccc3[nH]2)cc1,0.8,1.1761910392130526,-8.941,0.4615050565594953,494.97200000000015,3.812700000000002,3,5,7,116.32999999999998,0,0,0.45,0.55,1.3937912256316243,-0.1538856390607273,0.4601016796222418,0.9386465089278643,3.5631217462886955,False
Cc1ccc2cc(C(=O)N[C@H](C)c3ccc(S(=O)(=O)C(C)C(=O)O)cc3)n(C)c2c1,Cc1ccc2cc(C(=O)N[C@H](C)c3ccc(S(=O)(=O)C(C)C(=O)O)cc3)n(C)c2c1,1.0,1.2092543438498653,-8.878,0.6271054870706104,428.5100000000002,3.224520000000002,2,4,6,105.47,0,0,0.711864406779661,0.288135593220339,1.3075748573320047,1.061992321387172,-0.5851208829277637,0.9386465089278643,3.56134440758735,True
Cc1ccc(C(=O)N2CCC(c3ccc(C#N)cc3)CC2)cc1NC(=O)c1ccc(C(C)(C)O)cc1,Cc1ccc(C(=O)N2CCC(c3ccc(C#N)cc3)CC2)cc1NC(=O)c1ccc(C(C)(C)O)cc1,0.8,1.2726030255675758,-8.932,0.512584022364774,481.5960000000003,5.366200000000006,2,4,5,93.43,1,0,0.2891566265060241,0.7108433734939759,1.381474601588821,0.22114834227268265,1.1021023435537045,-1.0653637876331257,3.5535179951874665,False
Cc1cc2cc(C(=O)N[C@H](C)c3ccc(S(=O)(=O)C(C)(C)C(=O)O)cc3)n(C)c2c(Cl)n1,Cc1cc2cc(C(=O)N[C@H](C)c3ccc(S(=O)(=O)C(C)(C)C(=O)O)cc3)n(C)c2c(Cl)n1,0.8,1.1598817960573797,-9.071,0.5227899959593609,477.9700000000002,3.663020000000002,2,5,6,118.36,0,0,0.671875,0.328125,1.571698017360995,0.29608304093422155,-0.4255045733150505,0.9386465089278643,3.483297756805093,False
Cc1cc2cc(C(=O)N[C@H](C)c3ccc(S(=O)(=O)CC(=O)O)cc3)n(C)c2cc1C,Cc1cc2cc(C(=O)N[C@H](C)c3ccc(S(=O)(=O)CC(=O)O)cc3)n(C)c2cc1C,1.0,1.1634583702699113,-8.864,0.6274618377680623,428.5100000000002,3.144440000000002,2,4,6,105.47,0,0,0.7288135593220338,0.27118644067796616,1.2884156643765348,1.0646087334211545,-0.6527728287238803,0.9386465089278643,3.457990487914276,True
Cc1cc(Cl)c2cc(C(=O)N[C@H](C)c3ccc(S(=O)(=O)C4(C)COC4)cc3)n(C)c2c1,Cc1cc(Cl)c2cc(C(=O)N[C@H](C)c3ccc(S(=O)(=O)C4(C)COC4)cc3)n(C)c2c1,0.8,1.1652353435512024,-8.901,0.6187780149342407,460.9830000000003,4.1937200000000034,1,4,5,77.4,0,0,0.7384615384615385,0.2615384615384615,1.339050674330278,1.0008500296334295,-0.6912823978693625,0.9386465089278643,3.456992234888555,False
Cc1cc2c(cc(C(=O)N[C@H](C)c3ccc(S(=O)(=O)C(C)(C)C(=O)O)cc3)n2C)c(Cl)c1F,Cc1cc2c(cc(C(=O)N[C@H](C)c3ccc(S(=O)(=O)C(C)(C)C(=O)O)cc3)n2C)c(Cl)c1F,0.8,1.1394997965316123,-9.288,0.5278078560842115,494.9720000000002,4.4071200000000035,2,4,6,105.47,0,0,0.85,0.15000000000000002,1.8686655081707935,0.3329253698797776,-1.1364842411661158,0.9386465089278643,3.4030953995191813,False
Cc1cc2cc(C(=O)N[C@H](C)c3ccc(S(=O)(=O)C(C)(C)C(=O)O)cc3)cnc2[nH]1,Cc1cc2cc(C(=O)N[C@H](C)c3ccc(S(=O)(=O)C(C)(C)C(=O)O)cc3)cnc2[nH]1,1.2,1.2738791593188996,-8.701,0.5523422044068528,429.49800000000016,2.99922,3,5,6,129.22,0,0,0.49295774647887325,0.5070422535211268,1.0653479178235525,0.513062422104706,0.28863734657983,0.9386465089278643,3.4017188587955736,True
COc1ccc2c(c1)C(=O)N(C[C@@]1(C#Cc3ccc(C(=O)O)cc3)NC(=O)NC1=O)C2,COc1ccc2c(c1)C(=O)N(C[C@@]1(C#Cc3ccc(C(=O)O)cc3)NC(=O)NC1=O)C2,0.8,1.1684168348147446,-8.424,0.501229457552697,419.39300000000014,0.9790999999999999,3,5,4,125.03999999999999,0,0,0.2111111111111111,0.7888888888888889,0.6862696000617354,0.13778041223245857,1.4136182712041774,0.9386465089278643,3.393261138024039,False
Cc1ccc2c(c1)C(NC(=O)c1ccc(C(F)(F)F)[nH]c1=O)c1ccccc1S2,Cc1ccc2c(c1)C(NC(=O)c1ccc(C(F)(F)F)[nH]c1=O)c1ccccc1S2,0.8,1.2188027698722483,-8.052,0.6374361733781224,416.4240000000001,4.686120000000002,2,3,2,61.96,0,0,0.21176470588235294,0.788235294117647,0.17718247295922496,1.1378426906092594,1.4110094706800134,0.9386465089278643,3.3725403616716547,False
Cc1c(C(=O)N2CC(c3ccc(Cl)c(Cl)c3)C2)cnn1-c1nn2cccc2c(=O)[nH]1,Cc1c(C(=O)N2CC(c3ccc(Cl)c(Cl)c3)C2)cnn1-c1nn2cccc2c(=O)[nH]1,1.0,1.2450614367524582,-8.311,0.5273931587640244,443.29400000000015,3.0631200000000005,1,4,3,88.28999999999999,0,0,0.19540229885057472,0.8045977011494253,0.5316275426354358,0.329880562989384,1.4763194424228774,0.9386465089278643,3.338778345147065,False
Cc1cc(N2CCC(C(=O)N[C@H](C)c3ccc(S(=O)(=O)CC(=O)O)cc3)CC2)n2nc(C(F)(F)F)nc2n1,Cc1cc(N2CCC(C(=O)N[C@H](C)c3ccc(S(=O)(=O)CC(=O)O)cc3)CC2)n2nc(C(F)(F)F)nc2n1,0.8,1.275804097209248,-9.226,0.449369005305688,554.5510000000002,2.40362,2,8,7,146.86,1,0,0.42857142857142855,0.5714285714285714,1.7838176536537094,-0.24299142943112104,0.5456330682359035,-1.0653637876331257,3.337595052295639,False
Cc1cc2ccc(C(=O)N[C@H](C)c3ccc(S(=O)(=O)C(C)C)cc3)cc2n1C,Cc1cc2ccc(C(=O)N[C@H](C)c3ccc(S(=O)(=O)C(C)C)cc3)cc2n1C,0.8,1.2605604397920753,-8.221,0.7016185603007086,398.52800000000013,4.159820000000003,1,3,5,68.17,0,0,0.45454545454545453,0.5454545454545454,0.4084613022074092,1.609085123175726,0.4419586577951011,0.9386465089278643,3.337289639849578,True
Cc1ccc2cc(C(=O)N[C@H](C)c3ccc(S(=O)(=O)C4(C(=O)O)CCS(=O)(=O)CC4)cc3)n(C)c2c1,Cc1ccc2cc(C(=O)N[C@H](C)c3ccc(S(=O)(=O)C4(C(=O)O)CCS(=O)(=O)CC4)cc3)n(C)c2c1,0.8,1.1868570937967349,-9.411,0.4975051274366177,532.6400000000004,2.7834200000000013,2,6,6,139.61,1,0,0.647887323943662,0.352112676056338,2.0369927034224293,0.11043548993004186,-0.3297586086550974,-1.0653637876331257,3.3219803943032407,False
Cc1ccc2[nH]c(C(=O)N[C@H](CO)c3ccc(S(=O)(=O)c4ccc([C@@H](C)O)cc4)cc3)c(Cl)c2c1,Cc1ccc2[nH]c(C(=O)N[C@H](CO)c3ccc(S(=O)(=O)c4ccc([C@@H](C)O)cc4)cc3)c(Cl)c2c1,0.8,1.224219930504224,-9.6,0.29089181064343195,513.0150000000003,4.479220000000003,4,5,7,119.49,1,0,0.3974358974358974,0.6025641025641026,2.2956418083212857,-1.4065688889143277,0.6699094448540454,-1.0653637876331257,3.321942278765726,False
Cc1ccc(NC(=O)c2ccc([C@@H](C)NC(=O)c3cc4c(Cl)c(Cl)c(C)nc4n3C)cc2)cc1,Cc1ccc(NC(=O)c2ccc([C@@H](C)NC(=O)c3cc4c(Cl)c(Cl)c(C)nc4n3C)cc2)cc1,1.0,1.2742690003239157,-9.782,0.34423306418582844,495.4100000000002,6.240240000000005,2,3,5,76.02000000000001,1,0,0.6212121212121212,0.3787878787878788,2.544711316742407,-1.014924650039537,-0.22328547586671446,-1.0653637876331257,3.318530613761999,False
Cc1cc(-c2n[nH]c3cc(NC(=O)N[C@H](C)c4ccc(F)cc4)ncc23)ccn1,Cc1cc(-c2n[nH]c3cc(NC(=O)N[C@H](C)c4ccc(F)cc4)ncc23)ccn1,1.0,1.1970686685242025,-8.553,0.48267614393861763,390.4220000000001,4.350120000000002,3,4,4,95.59,0,0,0.28735632183908044,0.7126436781609196,0.8628078780085757,0.0015575470683313432,1.1092881962646342,0.9386465089278643,3.305784753814049,False
Cc1cc2c(cc(C(=O)N[C@H](C)c3ccc(S(=O)(=O)CC(=O)O)cc3)n2C)c(F)c1F,Cc1cc2c(cc(C(=O)N[C@H](C)c3ccc(S(=O)(=O)CC(=O)O)cc3)n2C)c(F)c1F,1.0,1.141733074429261,-9.024,0.6004338628102818,450.4630000000002,3.1142200000000013,2,4,6,105.47,0,0,0.847457627118644,0.15254237288135597,1.5073778695819136,0.8661628781460541,-1.1263364492966983,0.9386465089278643,3.2239054224771153,False
Cc1cc2cc(C(=O)N[C@H](C)c3ccc(C(=O)O)cc3)n(C)c2cc1F,Cc1cc2cc(C(=O)N[C@H](C)c3ccc(C(=O)O)cc3)n(C)c2cc1F,1.2,1.2569442116430805,-8.452,0.7482320540429722,354.3810000000001,3.8150200000000023,2,2,4,71.33000000000001,0,0,0.7358490566037735,0.26415094339622647,0.7245879859726778,1.9513325408048143,-0.6808547684883062,0.9386465089278643,3.188976998725796,True
Cc1ccc2c(c1)C(O)(C(F)(F)F)c1ccccc1-2,Cc1ccc2c(c1)C(O)(C(F)(F)F)c1ccccc1-2,0.8,1.268757779004388,-7.627,0.7674959132685083,264.246,3.773620000000002,1,1,0,20.23,0,0,0.22580645161290322,0.7741935483870968,-0.4044358846175679,2.092772401759331,1.3549623368382968,0.9386465089278643,3.1081862238264244,True
Cc1c(Cl)ccc2nc(C(=O)N[C@H](C)c3ccc(S(=O)(=O)CC(=O)O)cc3)c(Cl)n12,Cc1c(Cl)ccc2nc(C(=O)N[C@H](C)c3ccc(S(=O)(=O)CC(=O)O)cc3)c(Cl)n12,1.0,1.2304175966834658,-8.627,0.5710390104378152,470.33400000000023,3.298820000000002,2,5,6,117.83999999999999,0,0,0.5507246376811594,0.4492753623188406,0.9640778979160641,0.6503388429065877,0.05806283362662259,0.9386465089278643,3.105880726829271,False
Cc1nc2ccc(C(=O)N[C@H](C)c3ccc(S(=O)(=O)CC(=O)O)cc3)cc2c(=O)n1C,Cc1nc2ccc(C(=O)N[C@H](C)c3ccc(S(=O)(=O)CC(=O)O)cc3)cc2c(=O)n1C,1.2,1.225120602796368,-8.591,0.5904447504340928,443.4810000000002,1.5912199999999999,2,6,6,135.43,0,0,0.5652173913043478,0.4347826086956522,0.9148114017448515,0.7928204264074986,0.00021551765603010793,0.9386465089278643,3.091982002017164,False
Cc1cc2c(cc1C(=O)N[C@H](C)c1ccc(S(=O)(=O)CC(=O)O)cc1)OCO2,Cc1cc2c(cc1C(=O)N[C@H](C)c1ccc(S(=O)(=O)CC(=O)O)cc1)OCO2,1.0,1.2734074311562282,-8.064,0.7549926015252446,405.4280000000002,2.0730199999999996,2,6,6,119.00000000000001,0,0,0.5074626865671642,0.4925373134328358,0.19360463834962915,2.000970097053225,0.23074138876272002,0.9386465089278643,3.0882440169791354,True
Cn1cc2c(nc(NC(=O)Nc3cc(Cl)c(Cl)c(Cl)c3)n3nc(-c4ccco4)nc23)n1,Cn1cc2c(nc(NC(=O)Nc3cc(Cl)c(Cl)c(Cl)c3)n3nc(-c4ccco4)nc23)n1,0.8,1.2298091689650306,-8.678,0.3580435022855629,477.69900000000024,4.875200000000001,2,6,3,115.17,0,0,0.20192307692307693,0.7980769230769231,1.0338721008252796,-0.91352511105422,1.4502919862650214,0.9386465089278643,3.0738343313252927,False
Cc1cc2c(cc(C(=O)N[C@H](CO)c3ccc(S(=O)(=O)C4(C(=O)O)CCOCC4)cc3)n2C)c(F)c1F,Cc1cc2c(cc(C(=O)N[C@H](CO)c3ccc(S(=O)(=O)C4(C(=O)O)CCOCC4)cc3)n2C)c(F)c1F,1.0,1.1707136827171263,-9.56,0.4225768363001092,536.5530000000005,2.6358200000000007,3,6,7,134.93,1,0,0.676056338028169,0.323943661971831,2.2409012570199414,-0.4397059410174424,-0.44219423687962944,-1.0653637876331257,3.067220442326248,False
Cc1cc2cc(C(=O)N[C@H](C)c3ccc(S(=O)(=O)CC(=O)O)cc3)nn2c(C)c1Cl,Cc1cc2cc(C(=O)N[C@H](C)c3ccc(S(=O)(=O)CC(=O)O)cc3)nn2c(C)c1Cl,0.8,1.1884769826321167,-8.574,0.5969226108194605,449.91600000000017,2.9538400000000014,2,5,6,117.84,0,0,0.5735294117647058,0.42647058823529416,0.8915466674417806,0.840382426392145,-0.032961619444751,0.9386465089278643,3.0598373962948875,False
CC(=O)NC(C)Cc1ccc(C#Cc2ccnc(S(=O)(=O)CC(=O)O)c2)cc1,CC(=O)NC(C)Cc1ccc(C#Cc2ccnc(S(=O)(=O)CC(=O)O)c2)cc1,1.0,1.266751340914191,-7.863,0.7089882259714313,400.45600000000013,1.4067999999999998,2,5,6,113.42999999999999,0,0,0.3026315789473684,0.6973684210526316,-0.08146663193963012,1.6631949708207163,1.0483175451758473,0.9386465089278643,3.0179025065812355,False
Cc1n[nH]c2ccc(-c3cncc(C(=O)N[C@H](CO)c4ccc(Cl)cc4)c3)cc12,Cc1n[nH]c2ccc(-c3cncc(C(=O)N[C@H](CO)c4ccc(Cl)cc4)c3)cc12,1.2,1.2643100003768941,-8.595,0.4659803377976701,406.8730000000001,4.050120000000002,3,4,5,90.9,0,0,0.35802469135802467,0.6419753086419753,0.920285456874988,-0.1210270540467378,0.8272178867170953,0.9386465089278643,3.016085000884266,False
Cc1cc2cc(C(=O)N[C@H](C)c3ccc(S(=O)(=O)CC(=O)O)cc3)n(C)c2c(Cl)c1Cl,Cc1cc2cc(C(=O)N[C@H](C)c3ccc(S(=O)(=O)CC(=O)O)cc3)n(C)c2c(Cl)c1Cl,1.0,1.1557535221008244,-8.904,0.5484079126744542,483.3730000000003,4.142820000000003,2,4,6,105.47,0,0,0.7377049180327869,0.2622950819672131,1.343156215677879,0.4841759114076536,-0.6882623740595485,0.9386465089278643,2.951549223167795,False
Cn1cc2c(nc(NC(=O)Nc3ccc(S(=O)(=O)NC(=O)c4ccc(Cl)cc4)cc3)n3nc(-c4ccco4)nc23)n1,Cn1cc2c(nc(NC(=O)Nc3ccc(S(=O)(=O)NC(=O)c4ccc(Cl)cc4)cc3)n3nc(-c4ccco4)nc23)n1,1.2,1.236471323023952,-9.315,0.26031436767945926,591.9970000000001,3.687100000000002,3,9,6,178.40999999999997,1,0,0.24175824175824176,0.7582417582417582,1.9056153802992006,-1.631075787066695,1.2912913279447518,-1.0653637876331257,2.9387644076598956,False
CC(=O)NS(=O)(=O)c1ccc([C@@H](C)NC(=O)c2cc3c(Cl)c(Cl)c(C)nc3n2C)cc1,CC(=O)NS(=O)(=O)c1ccc([C@@H](C)NC(=O)c2cc3c(Cl)c(Cl)c(C)nc3n2C)cc1,0.8,1.2024173127443232,-8.84,0.5774117418848377,483.3770000000002,3.5043200000000017,2,5,5,110.16,0,0,0.7540983606557377,0.24590163934426235,1.2555713335957264,0.6971289610866716,-0.7536962232721858,0.9386465089278643,2.923898659469871,False
Cc1c(C(=O)N2CCn3c(cnc3C(F)(F)F)C2)cnn1-c1nn2cccc2c(=O)[nH]1,Cc1c(C(=O)N2CCn3c(cnc3C(F)(F)F)C2)cnn1-c1nn2cccc2c(=O)[nH]1,1.2,1.2777230321770163,-8.212,0.5153761336883659,432.3660000000001,1.3880199999999998,1,5,2,106.10999999999999,0,0,0.21505376344086022,0.7849462365591398,0.3961446781646061,0.24164869128140434,1.3978813132035752,0.9386465089278643,2.901142615278124,False
CC(C)(C)C(=O)NS(=O)(=O)c1ccc([C@@H](CO)NC(=O)c2cc3c(Cl)c(F)ccc3[nH]2)c(Cl)c1,CC(C)(C)C(=O)NS(=O)(=O)c1ccc([C@@H](CO)NC(=O)c2cc3c(Cl)c(F)ccc3[nH]2)c(Cl)c1,0.8,1.2546187397562167,-9.067,0.38415826153554633,530.4050000000001,3.9282000000000012,4,5,6,128.35999999999999,1,0,0.3111111111111111,0.6888888888888889,1.5662239622308611,-0.7217843038808562,1.014471791007088,-1.0653637876331257,2.8924535177713913,False
Cc1cc2cc(C(=O)N[C@H](C)c3ccc(S(=O)(=O)CC(=O)O)cc3)n(C)c2cc1Cl,Cc1cc2cc(C(=O)N[C@H](C)c3ccc(S(=O)(=O)CC(=O)O)cc3)n(C)c2cc1Cl,0.8,1.1281045409308268,-8.702,0.6000634407579427,448.9280000000002,3.4894200000000017,2,4,6,105.47,0,0,0.7096774193548387,0.29032258064516125,1.0667164316060855,0.8634431508596403,-0.5763915995992326,0.9386465089278643,2.8898076689365113,False
CC(=O)c1ccc2c(c1)C(O)(C(F)(F)F)c1ccccc1-2,CC(=O)c1ccc2c(c1)C(O)(C(F)(F)F)c1ccccc1-2,0.8,1.2798013829115125,-7.481,0.8142871303310985,292.256,3.6678000000000015,1,2,1,37.3,0,0,0.2676056338028169,0.7323943661971831,-0.6042388968674779,2.4363247065048097,1.1881223723760879,0.9386465089278643,2.8852925396098743,True
Cc1cc2cc(C(=O)N[C@H](C)c3ccc(S(=O)(=O)C4(C(=O)O)CCOCC4)cc3)n(C)c2cc1Cl,Cc1cc2cc(C(=O)N[C@H](C)c3ccc(S(=O)(=O)C4(C(=O)O)CCOCC4)cc3)n(C)c2cc1Cl,1.2,1.1941936500040538,-9.354,0.5087051670111273,519.0190000000003,4.038620000000003,2,5,6,114.70000000000002,1,0,0.7428571428571429,0.2571428571428571,1.9589874178180118,0.19266885872479583,-0.708827298097806,-1.0653637876331257,2.8691345024464505,False
COc1cc2c(cc1N1C[C@@H](C)N[C@@H](C)C1)N(S(=O)(=O)c1ccc(C(C)(C)O)cc1)CC2,COc1cc2c(cc1N1C[C@@H](C)N[C@@H](C)C1)N(S(=O)(=O)c1ccc(C(C)(C)O)cc1)CC2,0.8,1.2316633687468126,-7.615,0.715659053530093,459.61200000000025,2.8606000000000016,2,6,5,82.11,0,0,0.1827956989247312,0.8172043010752688,-0.4208580500079709,1.712173781935466,1.5266382422994105,0.9386465089278643,2.866419178682867,True
Cc1cc(Cl)c2cc(C(=O)N[C@H](C)c3ccc(S(=O)(=O)C4(C(=O)O)CCS(=O)(=O)CC4)cc3)n(C)c2c1,Cc1cc(Cl)c2cc(C(=O)N[C@H](C)c3ccc(S(=O)(=O)C4(C(=O)O)CCS(=O)(=O)CC4)cc3)n(C)c2c1,0.8,1.1075294827398607,-9.655,0.46557855381731245,567.0850000000003,3.4368200000000027,2,6,6,139.61,1,0,0.875,0.125,2.370910066360635,-0.1239770481081671,-1.2362708612153883,-1.0653637876331257,2.848890329581152,False
Cc1cc2c(=O)c(C(=O)NCc3ccc(S(=O)(=O)CC(=O)O)cc3)cn(C)c2cc1Cl,Cc1cc2c(=O)c(C(=O)NCc3ccc(S(=O)(=O)CC(=O)O)cc3)cn(C)c2cc1Cl,0.8,1.2267937224142886,-8.381,0.5790745798268282,462.9110000000002,2.288619999999999,2,5,6,122.53999999999999,0,0,0.4657534246575342,0.5342465753424658,0.6274235074127904,0.7093379148872301,0.3972224395911934,0.9386465089278643,2.8307306237679364,False
Cc1cc2c(cc(C(=O)N[C@H](C)c3ccc(S(C)(=O)=O)cc3)n2C)c(Cl)c1Cl,Cc1cc2c(cc(C(=O)N[C@H](C)c3ccc(S(C)(=O)=O)cc3)n2C)c(Cl)c1Cl,0.8,1.163604345427531,-8.652,0.6416138914891316,439.36400000000015,4.688020000000004,1,3,4,68.17,0,0,0.7719298245614035,0.22807017543859653,0.998290742479403,1.1685164959880394,-0.8248698838192653,0.9386465089278643,2.8095513515915123,False
C[C@@H](c1ccc(-c2ccc(=O)n(C)c2)cc1)N1CC[C@](CC(C)(C)O)(c2ccc(F)cc2)OC1=O,C[C@@H](c1ccc(-c2ccc(=O)n(C)c2)cc1)N1CC[C@](CC(C)(C)O)(c2ccc(F)cc2)OC1=O,0.8,1.1586153800630583,-8.553,0.5318641381352364,478.56400000000025,5.151200000000006,1,4,6,71.77000000000001,1,0,0.25263157894736843,0.7473684210526316,0.8628078780085757,0.36270756266743737,1.2478907852743917,-1.0653637876331257,2.803532210142418,False
CC(C(=O)NCc1ccc(C(C)(C)C)cc1)c1ccc(NS(C)(=O)=O)c(F)c1,CC(C(=O)NCc1ccc(C(C)(C)C)cc1)c1ccc(NS(C)(=O)=O)c(F)c1,0.8,1.1888460751118308,-7.564,0.7636075881275044,406.5230000000001,3.9146000000000027,2,3,6,75.27000000000001,0,0,0.25287356321839083,0.7471264367816092,-0.4906522529171863,2.0642233887681796,1.2469249135739753,0.9386465089278643,2.7991670509717146,False
COc1ccc2c(c1)CC[C@@H]1[C@@H]2CC[C@]2(C)[C@@H](O)CC[C@@H]12,COc1ccc2c(c1)CC[C@@H]1[C@@H]2CC[C@]2(C)[C@@H](O)CC[C@@H]12,1.0,1.2603745357648901,-7.226,0.847817286403045,286.415,3.912200000000003,1,2,1,29.46,0,0,0.1794871794871795,0.8205128205128205,-0.9532099114135536,2.6825111303711515,1.5398440811810346,0.9386465089278643,2.785258643189011,True
C[C@@H](NC(=O)c1cc2cc(F)ccc2n1C)c1ccc(S(=O)(=O)CC(=O)O)cc1,C[C@@H](NC(=O)c1cc2cc(F)ccc2n1C)c1ccc(S(=O)(=O)CC(=O)O)cc1,1.0,1.221041543510601,-8.469,0.6403153318322358,418.44600000000014,2.6667000000000005,2,4,6,105.47000000000001,0,0,0.6507936507936508,0.3492063492063492,0.7478527202757488,1.1589821604656418,-0.34135910997985064,0.9386465089278643,2.7826517455012207,True
Cc1cc(Cl)c2cc(C(=O)N[C@H](C)c3ccc(S(C)(=O)=O)cc3)n(C)c2c1,Cc1cc(Cl)c2cc(C(=O)N[C@H](C)c3ccc(S(C)(=O)=O)cc3)n(C)c2c1,1.0,1.1993666280734683,-8.469,0.7131809803581602,404.91900000000015,4.034620000000003,1,3,4,68.17,0,0,0.7857142857142857,0.2142857142857143,0.7478527202757488,1.6939791761314194,-0.8798900753251299,0.9386465089278643,2.7791177958217195,True
Cc1cc(-c2n[nH]c3cc(NC(=O)NC(c4ccc(S(C)(=O)=O)cc4)C4CCOCC4)ncc23)ccn1,Cc1cc(-c2n[nH]c3cc(NC(=O)NC(c4ccc(S(C)(=O)=O)cc4)C4CCOCC4)ncc23)ccn1,0.8,1.2658904950481342,-9.047,0.348881273419872,520.6150000000004,4.021220000000003,3,7,6,138.95999999999998,1,0,0.26666666666666666,0.7333333333333334,1.538853686580189,-0.9807963863280206,1.191870226650239,-1.0653637876331257,2.7560993196660335,False
Cc1cc2cc(C(=O)N[C@H](C)c3ccc(S(=O)(=O)C4(C(=O)O)CCC4)cc3)nn2c(Cl)c1Cl,Cc1cc2cc(C(=O)N[C@H](C)c3ccc(S(=O)(=O)C4(C(=O)O)CCC4)cc3)nn2c(Cl)c1Cl,0.8,1.2212204940020945,-9.063,0.47980104685587643,510.39900000000034,4.221520000000003,2,5,6,117.84,1,0,0.5194805194805194,0.48051948051948057,1.5607499071007271,-0.01955210322825067,0.1827726316930953,-1.0653637876331257,2.752038448849736,False
Cc1cc2cc(C(=O)N[C@H](C)c3ccc(S(=O)(=O)CC(=O)O)cc3)n(C)c2c(C)n1,Cc1cc2cc(C(=O)N[C@H](C)c3ccc(S(=O)(=O)CC(=O)O)cc3)n(C)c2c(C)n1,1.0,1.1634374057444334,-8.567,0.6216227285311265,429.4980000000002,2.539440000000001,2,5,6,118.36,0,0,0.6935483870967742,0.30645161290322576,0.8819670709640456,1.0217365971113312,-0.512013135051315,0.9386465089278643,2.7429808584520394,False
CS(=O)(=O)c1ccc([C@@H](CO)NC(=O)c2cc3c(Cl)c(Cl)c(Cl)cc3[nH]2)cc1,CS(=O)(=O)c1ccc([C@@H](CO)NC(=O)c2cc3c(Cl)c(Cl)c(Cl)cc3[nH]2)cc1,0.8,1.1635245749891814,-8.5,0.5001671991694845,461.7540000000002,3.995000000000002,3,4,5,99.25999999999999,0,0,0.4246575342465753,0.5753424657534247,0.7902766475342922,0.1299810571676032,0.5612552396721893,0.9386465089278643,2.741112846372309,False
Cc1cc2c(cc(C(=O)N[C@H](CO)c3ccc(S(=O)(=O)C4(C(=O)O)CC4)cc3)n2C)c(F)c1F,Cc1cc2c(cc(C(=O)N[C@H](CO)c3ccc(S(=O)(=O)C4(C(=O)O)CC4)cc3)n2C)c(F)c1F,0.8,1.1603875443515133,-9.023,0.465661803360598,492.5000000000003,2.619220000000001,3,5,7,125.69999999999999,0,0,0.7272727272727273,0.2727272727272727,1.5060093557993806,-0.12336581005410033,-0.6466226518333246,0.9386465089278643,2.7113535041752685,False
Cc1ccc(C(=O)N2CC(c3ccc(C#N)cc3)C2)cc1-c1[nH]nc(C)c1C,Cc1ccc(C(=O)N2CC(c3ccc(C#N)cc3)C2)cc1-c1[nH]nc(C)c1C,0.8,1.2633551056236545,-7.497,0.7538485785175667,370.45600000000013,4.113240000000003,1,3,3,72.78,0,0,0.21348314606741572,0.7865168539325843,-0.5823426763469398,1.9925704065633654,1.4041503771670432,0.9386465089278643,2.701358685500461,True
Cc1ccc(C(=O)N[C@@H](C)c2ccc(S(=O)(=O)CC(=O)O)cc2)cc1,Cc1ccc(C(=O)N[C@@H](C)c2ccc(S(=O)(=O)CC(=O)O)cc2)cc1,0.8,1.2608121822142488,-7.816,0.8224186764591515,361.4190000000001,2.3443200000000006,2,4,6,100.54,0,0,0.559322033898305,0.44067796610169496,-0.1457867797187116,2.496028462654172,0.023746629237288156,0.9386465089278643,2.6975247869179695,False
C[C@@H](NC(=O)c1cc(-c2ccc(F)cc2)nn1C)c1ccc(S(=O)(=O)C2(C(=O)O)CCCCC2)cc1,C[C@@H](NC(=O)c1cc(-c2ccc(F)cc2)nn1C)c1ccc(S(=O)(=O)C2(C(=O)O)CCCCC2)cc1,0.8,1.2125160773462518,-9.692,0.48693735365669377,513.5910000000005,4.278400000000003,2,5,7,118.36,1,0,0.9827586206896551,0.017241379310344862,2.42154507631438,0.032844367791345294,-1.6663856028070794,-1.0653637876331257,2.676867023796464,False
Cc1ccc2nc(C(=O)N[C@H](C)c3ccc(S(=O)(=O)CC(=O)O)cc3)cn2c1,Cc1ccc2nc(C(=O)N[C@H](C)c3ccc(S(=O)(=O)CC(=O)O)cc3)cn2c1,0.8,1.2552481763123355,-8.197,0.6521878578887399,401.4440000000002,1.9920200000000001,2,5,6,117.83999999999999,0,0,0.5147058823529411,0.4852941176470589,0.37561697142660083,1.246153085821285,0.20183042773000753,0.9386465089278643,2.6685407108684265,False
C[C@@H](C#N)NC(=O)c1cc(NC(=O)c2cc(-c3ccccn3)c(F)cc2Cl)n(-c2ccccc2)n1,C[C@@H](C#N)NC(=O)c1cc(NC(=O)c2cc(-c3ccccn3)c(F)cc2Cl)n(-c2ccccc2)n1,0.8,1.2726993493960757,-8.429,0.4109026242728292,488.91000000000014,4.620980000000003,2,5,6,112.7,0,0,0.23711340206185566,0.7628865979381443,0.6931121689744048,-0.5254207973481622,1.309831042103674,0.9386465089278643,2.6399578371682537,False
Cc1cc(-c2cc(C(=O)N[C@H](C)c3ccc(S(=O)(=O)C4(C(=O)O)CCC4)cc3)nn2C)cc(Cl)c1O,Cc1cc(-c2cc(C(=O)N[C@H](C)c3ccc(S(=O)(=O)C4(C(=O)O)CCC4)cc3)nn2C)cc(Cl)c1O,0.8,1.2469229021144834,-9.212,0.41806845560215833,532.0180000000004,4.026520000000003,3,6,7,138.59,1,0,0.5384615384615384,0.46153846153846156,1.764658460698237,-0.47280755018010273,0.1070105625248165,-1.0653637876331257,2.6308380399246247,False
Cc1ccc2cc(C(=O)N[C@H](C)c3ccc(S(=O)(=O)CC(=O)OC4COC4)cc3)n(C)c2c1,Cc1ccc2cc(C(=O)N[C@H](C)c3ccc(S(=O)(=O)CC(=O)OC4COC4)cc3)n(C)c2c1,1.0,1.2300816889646888,-8.877,0.5327524064123298,470.54700000000037,2.6934200000000006,1,6,7,103.70000000000002,0,0,0.7714285714285715,0.22857142857142854,1.306206343549472,0.3692294407673281,-0.8228691495826888,0.9386465089278643,2.6280962327475157,False
Cc1cc2cc(C(=O)N[C@H](CO)c3ccc(S(=O)(=O)C(C)(C)C(=O)O)cc3)n(C)c2cc1F,Cc1cc2cc(C(=O)N[C@H](CO)c3ccc(S(=O)(=O)C(C)(C)C(=O)O)cc3)n(C)c2cc1F,1.0,1.2177031882183025,-8.875,0.4814929417691644,476.52600000000024,2.7261200000000008,3,5,7,125.69999999999999,0,0,0.6764705882352942,0.32352941176470584,1.3034693159844037,-0.007129806196102074,-0.44384770200057866,0.9386465089278643,2.6252843782360586,False
C[C@@H](NC(=O)c1cc2c(s1)CCCC2)c1ccc(C(=O)O)cc1,C[C@@H](NC(=O)c1cc2c(s1)CCCC2)c1ccc(C(=O)O)cc1,1.0,1.2619700485881007,-7.401,0.8960031156622603,329.421,3.8161000000000023,2,3,4,66.4,0,0,0.43103448275862066,0.5689655172413793,-0.7137199994701684,3.036303011354535,0.5358018741423793,0.9386465089278643,2.6139881410205095,True
Cc1c(Cl)c2ccc(C(=O)N[C@H](C)c3ccc(S(=O)(=O)CC(=O)O)cc3)cc2n1C,Cc1c(Cl)c2ccc(C(=O)N[C@H](C)c3ccc(S(=O)(=O)CC(=O)O)cc3)cc2n1C,0.8,1.2013680243773115,-8.521,0.6000634407579427,448.9280000000002,3.4894200000000017,2,4,6,105.47,0,0,0.65625,0.34375,0.8190154369674995,0.8634431508596403,-0.36313793578425524,0.9386465089278643,2.607659343474316,False
C[C@@H](NC(=O)c1cc2cc(Cl)c(F)cc2n1C)c1ccc(S(=O)(=O)CC(=O)O)cc1,C[C@@H](NC(=O)c1cc2cc(Cl)c(F)cc2n1C)c1ccc(S(=O)(=O)CC(=O)O)cc1,1.0,1.1903566994135337,-8.549,0.5964766915622101,452.8910000000002,3.320100000000001,2,4,6,105.47000000000001,0,0,0.671875,0.328125,0.8573338228784393,0.8371083805738055,-0.4255045733150505,0.9386465089278643,2.5955947074795658,False
CC(C(=O)NCc1ccc(C(F)(F)F)nc1Cl)c1ccc(NS(C)(=O)=O)c(F)c1,CC(C(=O)NCc1ccc(C(F)(F)F)nc1Cl)c1ccc(NS(C)(=O)=O)c(F)c1,1.0,1.2075607059869575,-8.185,0.5155915898497253,453.8450000000001,3.684300000000002,2,4,6,88.16,0,0,0.27472527472527475,0.7252747252747253,0.3591948060361991,0.24323062193962236,1.1597045762314258,0.9386465089278643,2.5906480647073784,False
Cc1ccc2cc(C(=O)N[C@H](C)c3ccc(S(=O)(=O)CC(=O)O)cc3)n(C)c2c1,Cc1ccc2cc(C(=O)N[C@H](C)c3ccc(S(=O)(=O)CC(=O)O)cc3)n(C)c2c1,0.8,1.1490287279120255,-8.481,0.6452349351726797,414.48300000000023,2.8360200000000013,2,4,6,105.47,0,0,0.7166666666666667,0.2833333333333333,0.764274885666153,1.195103064604174,-0.6042889342366634,0.9386465089278643,2.588687156163749,True
Cc1ccc(Cl)cc1N1CCN(C(=O)[C@@H](Cc2ccc(Cl)cc2)NC(=O)[C@H]2Cc3ccccc3CN2)CC1,Cc1ccc(Cl)cc1N1CCN(C(=O)[C@@H](Cc2ccc(Cl)cc2)NC(=O)[C@H]2Cc3ccccc3CN2)CC1,0.8,1.2268493073927682,-8.651,0.47729124249045374,551.5180000000001,4.392420000000002,2,4,6,64.67999999999999,1,0,0.2804878048780488,0.7195121951219512,0.9969222286968701,-0.03797968704270553,1.1367036399563322,-1.0653637876331257,2.559886516490804,False
C[C@H](Sc1nncn1C)c1cccc(NC(=O)c2cc3c(Cl)c(Cl)n(C)c3cc2Cl)c1,C[C@H](Sc1nncn1C)c1cccc(NC(=O)c2cc3c(Cl)c(Cl)n(C)c3cc2Cl)c1,1.2,1.2813482399842184,-9.051,0.3272729552464502,494.83500000000015,6.372600000000004,1,4,5,64.74000000000001,1,0,0.2804878048780488,0.7195121951219512,1.544327741710323,-1.1394498255027812,1.1367036399563322,-1.0653637876331257,2.553227404057634,False
Cc1cc(F)c2cc(C(=O)N[C@H](C)c3ccc(S(=O)(=O)CC(=O)O)cc3)n(C)c2c1,Cc1cc(F)c2cc(C(=O)N[C@H](C)c3ccc(S(=O)(=O)CC(=O)O)cc3)n(C)c2c1,1.0,1.18480134121754,-8.637,0.6230429758188942,432.47300000000024,2.9751200000000013,2,4,6,105.47,0,0,0.7966101694915254,0.2033898305084746,0.9777630357414002,1.0321643923184622,-0.9233806119083479,0.9386465089278643,2.5336331063568474,False
CC(C)(CO)n1cc(C(=O)c2cncc(NC(=O)Cc3ccc(Cl)cc3)c2)c2cnccc21,CC(C)(CO)n1cc(C(=O)c2cncc(NC(=O)Cc3ccc(Cl)cc3)c2)c2cnccc21,1.2,1.2073113224388274,-8.382,0.40056352079871765,462.9370000000002,4.224300000000003,2,5,7,97.11,0,0,0.21875,0.78125,0.6287920211953233,-0.6013329674202005,1.383127915078011,0.9386465089278643,2.5087022445123894,False
COc1cc2nccc(Oc3ccc(NC(=O)C4(C(=O)Nc5ccc(F)cc5)COC4)cc3)c2cc1OC,COc1cc2nccc(Oc3ccc(NC(=O)C4(C(=O)Nc5ccc(F)cc5)COC4)cc3)c2cc1OC,1.0,1.2686907261958544,-8.998,0.32408168276112165,517.5130000000003,4.777200000000003,2,7,8,108.01000000000002,1,0,0.25316455696202533,0.7468354430379747,1.4717965112360394,-1.1628809112114282,1.2457634222886644,-1.0653637876331257,2.4937936397327523,False
Cc1cc2cc(C(=O)N[C@H](CO)c3ccc(S(=O)(=O)CC(=O)O)cc3)c(=O)[nH]c2cc1F,Cc1cc2cc(C(=O)N[C@H](CO)c3ccc(S(=O)(=O)CC(=O)O)cc3)c(=O)[nH]c2cc1F,1.2,1.212663468452694,-8.772,0.41262668843087924,462.4550000000002,1.2973199999999998,4,6,7,153.63,0,0,0.5135135135135135,0.4864864864864865,1.16251239638344,-0.5127623060284159,0.20658972598354983,0.9386465089278643,2.4881754671859464,False
Cc1ccc2c(c1)c(=O)c(C(=O)N[C@@H](C)c1ccc(S(=O)(=O)CC(=O)O)cc1)cn2C,Cc1ccc2c(c1)c(=O)c(C(=O)N[C@@H](C)c1ccc(S(=O)(=O)CC(=O)O)cc1)cn2C,0.8,1.270846291873936,-8.324,0.603401154894457,442.49300000000017,2.1962200000000003,2,5,6,122.53999999999999,0,0,0.5588235294117647,0.4411764705882353,0.5494182218083729,0.8879494461895352,0.025736392348938413,0.9386465089278643,2.4818455366191516,False
CC(=O)N[C@@H](C)c1ccc(O[C@@H]2CCN(c3ccnc(C(C)(C)C)n3)C2)cc1,CC(=O)N[C@@H](C)c1ccc(O[C@@H]2CCN(c3ccnc(C(C)(C)C)n3)C2)cc1,1.2,1.2357893854657631,-7.241,0.8552747891708975,382.50800000000015,3.6289000000000025,1,5,5,67.35,0,0,0.2804878048780488,0.7195121951219512,-0.9326822046755495,2.7372658989875442,1.1367036399563322,0.9386465089278643,2.47792838405671,True
Cc1cc(COc2ccc(S(=O)(=O)C[C@@H](C(=O)O)C3CC(C)(C)S(=O)(=O)C[C@@H]3C(=O)NO)cc2)c2ccccc2n1,Cc1cc(COc2ccc(S(=O)(=O)C[C@@H](C(=O)O)C3CC(C)(C)S(=O)(=O)C[C@@H]3C(=O)NO)cc2)c2ccccc2n1,0.8,1.2394173861501683,-9.185,0.24302969397969712,604.7030000000002,2.9316200000000014,3,9,9,177.02999999999997,1,0,0.2376237623762376,0.7623762376237624,1.72770858856983,-1.7579839946130733,1.3077939568724959,-1.0653637876331257,2.47254524558252,False
Cc1ccc(S(=O)(=O)N2CCC(C(=O)Nc3ccc(S(=O)(=O)CC(=O)O)cc3)CC2)cc1,Cc1ccc(S(=O)(=O)N2CCC(C(=O)Nc3ccc(S(=O)(=O)CC(=O)O)cc3)CC2)cc1,1.0,1.2132458741715153,-7.953,0.617083749058149,480.56400000000025,1.8927199999999993,2,6,7,137.92,0,0,0.33783783783783783,0.6621621621621622,0.041699608488396454,0.9884103244254134,0.9077930020054635,0.9386465089278643,2.448925797871602,False
Cc1c(COc2cc(OCc3cccc(C#N)c3)c(Cl)cc2Cl)ccc2c1COC2(C)C,Cc1c(COc2cc(OCc3cccc(C#N)c3)c(Cl)cc2Cl)ccc2c1COC2(C)C,0.8,1.2485472087396337,-8.684,0.38740483441672396,468.3800000000003,7.096800000000007,0,4,6,51.480000000000004,1,0,0.16666666666666666,0.8333333333333334,1.0420831835204791,-0.6979471894420337,1.5910167068473284,-1.0653637876331257,2.4445539906296903,False
CNS(=O)(=O)c1ccc([C@@H](C)NC(=O)c2cc3c(Cl)c(Cl)c(C)nc3n2C)cc1,CNS(=O)(=O)c1ccc([C@@H](C)NC(=O)c2cc3c(Cl)c(Cl)c(C)nc3n2C)cc1,0.8,1.2103194819429999,-8.552,0.6152022531110692,455.3670000000002,3.587620000000001,2,4,5,93.09,0,0,0.75,0.25,0.8614393642260404,0.9745959312643233,-0.7373377609690266,0.9386465089278643,2.4294601532113096,False
CCN(CC)S(=O)(=O)c1ccc([C@@H](C)NC(=O)c2cc3c(Cl)c(Cl)c(C)nc3n2C)cc1,CCN(CC)S(=O)(=O)c1ccc([C@@H](C)NC(=O)c2cc3c(Cl)c(Cl)c(C)nc3n2C)cc1,1.2,1.174213325625433,-8.798,0.5126108887568005,497.4480000000003,4.7100200000000045,1,4,7,84.30000000000001,0,0,0.7301587301587301,0.2698412698412699,1.1980937547293142,0.22134560174743761,-0.6581420307711912,0.9386465089278643,2.428714334898807,False
C[C@@H](NC(=O)c1cc2cc(Cl)cc(F)c2n1C)c1ccc(S(=O)(=O)CC(=O)O)cc1,C[C@@H](NC(=O)c1cc2cc(Cl)cc(F)c2n1C)c1ccc(S(=O)(=O)CC(=O)O)cc1,1.2,1.2032015508194838,-8.431,0.5964766915622101,452.8910000000002,3.320100000000002,2,4,6,105.47000000000001,0,0,0.6363636363636364,0.36363636363636365,0.6958491965394704,0.8371083805738055,-0.2837622152905158,0.9386465089278643,2.4143678128261628,False
CC(C)(C)c1ccc(C(=O)N2CCc3c([nH]c4ccc(Cl)cc34)C2(C)C)cc1,CC(C)(C)c1ccc(C(=O)N2CCc3c([nH]c4ccc(Cl)cc34)C2(C)C)cc1,0.8,1.2631251575987945,-8.363,0.5351758871890433,394.94600000000014,6.052400000000006,1,1,1,36.1,1,0,0.22727272727272727,0.7727272727272727,0.6027902593271841,0.3870232161511266,1.3491097491521225,-1.0653637876331257,2.4090315901410544,False
C[C@@H](NC(=O)c1cc2c(F)cc(F)cc2n1C)c1ccc(S(=O)(=O)CC(=O)O)cc1,C[C@@H](NC(=O)c1cc2c(F)cc(F)cc2n1C)c1ccc(S(=O)(=O)CC(=O)O)cc1,0.8,1.2002240197771255,-8.484,0.6182770607417826,436.43600000000015,2.8058000000000005,2,4,6,105.47000000000001,0,0,0.7142857142857143,0.2857142857142857,0.768380427013754,0.9971719041604229,-0.5947854466129233,0.9386465089278643,2.4084705660389396,False
Cc1cc(C(F)(F)F)c2cc(C(=O)N[C@H](C)c3ccc(S(=O)(=O)CC(=O)O)cc3)n(C)c2c1,Cc1cc(C(F)(F)F)c2cc(C(=O)N[C@H](C)c3ccc(S(=O)(=O)CC(=O)O)cc3)n(C)c2c1,1.2,1.1501981280778848,-8.707,0.5552855344393474,482.48000000000025,3.854820000000002,2,4,6,105.47,0,0,0.7580645161290323,0.24193548387096775,1.0735590005187547,0.5346730550347596,-0.7695269932429853,0.9386465089278643,2.381587317293216,False
CC(=O)c1ccc2c(c1)[C@@H](NC(=O)c1ccc(C(F)(F)F)[nH]c1=O)CCC2,CC(=O)c1ccc2c(c1)[C@@H](NC(=O)c1ccc(C(F)(F)F)[nH]c1=O)CCC2,0.8,1.2590535523126896,-7.28,0.803764195244744,378.35000000000014,3.4037000000000015,2,3,3,79.03,0,0,0.2413793103448276,0.7586206896551724,-0.8793101671567372,2.3590628007764693,1.2928038193437557,0.9386465089278643,2.362569540270683,True
CC(=O)N[C@@H](C)c1ccc(O[C@@H]2CCN(c3nc(C(C)(C)O)ncc3Cl)C2)cc1,CC(=O)N[C@@H](C)c1ccc(O[C@@H]2CCN(c3nc(C(C)(C)O)ncc3Cl)C2)cc1,0.8,1.2670627310354097,-7.474,0.7484932991023103,418.92500000000007,3.212200000000002,2,6,6,87.58,0,0,0.27835051546391754,0.7216494845360825,-0.6138184933452129,1.9532506645013816,1.145234555424462,0.9386465089278643,2.34017148769935,False
CC(C(=O)NCc1ccc(C(C)(C)C)cc1Cl)c1ccc(NS(C)(=O)=O)c(F)c1,CC(C(=O)NCc1ccc(C(C)(C)C)cc1Cl)c1ccc(NS(C)(=O)=O)c(F)c1,0.8,1.2625715885441506,-7.59,0.690483321243205,440.9680000000001,4.568000000000003,2,3,6,75.27000000000001,0,0,0.25287356321839083,0.7471264367816092,-0.4550708945713121,1.5273275352724234,1.2469249135739753,0.9386465089278643,2.3334339141677067,False
C[C@@H](NC(=O)c1cc2cc(Cl)ccc2n1C)c1ccc(S(=O)(=O)C2(C(=O)O)CC2)cc1,C[C@@H](NC(=O)c1cc2cc(Cl)ccc2n1C)c1ccc(S(=O)(=O)C2(C(=O)O)CC2)cc1,1.0,1.1976740160513768,-8.534,0.58289600202801,460.93900000000025,3.7136000000000022,2,4,6,105.47000000000001,0,0,0.7049180327868853,0.29508196721311475,0.8368061161404365,0.7373957104958673,-0.5573946756342731,0.9386465089278643,2.3229365216063993,False
C[C@]12CC[C@@H]3c4ccc(O)cc4CC[C@H]3[C@@H]1CC[C@@H]2O,C[C@]12CC[C@@H]3c4ccc(O)cc4CC[C@H]3[C@@H]1CC[C@@H]2O,0.8,1.2543018090604368,-7.282,0.757169743555686,272.3879999999999,3.6092000000000026,2,2,0,40.46,0,0,0.16853932584269662,0.8314606741573034,-0.8765731395916702,2.0169551944554978,1.583542053660117,0.9386465089278643,2.3166742233962068,True
Cc1c(Nc2c(C(=O)C3CC3)cnc3ccc(C(F)(F)F)cc23)c(=O)n(-c2ccccc2)n1C,Cc1c(Nc2c(C(=O)C3CC3)cnc3ccc(C(F)(F)F)cc23)c(=O)n(-c2ccccc2)n1C,1.0,1.2638715209958855,-8.765,0.40077242452640477,466.46300000000014,5.387720000000004,1,4,5,68.92,1,0,0.27906976744186046,0.7209302325581395,1.152932799905705,-0.5997991462968725,1.1423636864707547,-1.0653637876331257,2.3157482461687295,False
CC(=O)NC(C)Cc1ccc(C#Cc2ccc(C(=O)O)cc2)cc1,CC(=O)NC(C)Cc1ccc(C#Cc2ccc(C(=O)O)cc2)cc1,0.8,1.2807534760395431,-7.21,0.8510844447907284,321.376,2.851700000000001,2,2,4,66.4,0,0,0.2923076923076923,0.7076923076923076,-0.9751061319340917,2.7064993885213027,1.0895249753176515,0.9386465089278643,2.315135354434703,False
Cc1cc(Cl)c2cc(C(=O)N[C@H](C)c3ccc(S(=O)(=O)C4(C(=O)O)COC(C)(C)C4)cc3)n(C)c2c1,Cc1cc(Cl)c2cc(C(=O)N[C@H](C)c3ccc(S(=O)(=O)C4(C(=O)O)CC(C)(C)OC4)cc3)n(C)c2c1,0.8,1.2635960239258686,-9.284,0.48519168713890237,533.0460000000004,4.427120000000003,2,5,6,114.70000000000002,1,0,0.7910447761194029,0.20895522388059706,1.8631914530406597,0.020027266780657218,-0.9011665401543989,-1.0653637876331257,2.312561738891015,False
Cc1cc(Cl)cc2cc(C(=O)N[C@H](CO)c3ccc(S(=O)(=O)C(C)(C)C(=O)O)cc3)n(C)c12,Cc1cc(Cl)cc2cc(C(=O)N[C@H](CO)c3ccc(S(=O)(=O)C(C)(C)C(=O)O)cc3)n(C)c12,1.0,1.191195402171189,-8.799,0.46455905191803193,492.9810000000003,3.240420000000001,3,5,7,125.69999999999999,0,0,0.6764705882352942,0.32352941176470584,1.199462268511847,-0.13146247484373802,-0.44384770200057866,0.9386465089278643,2.2929376146433094,False
Cc1ccc2oc(C(=O)N[C@H](CO)c3ccc(S(=O)(=O)CC(=O)O)cc3)c(C)c2c1,Cc1ccc2oc(C(=O)N[C@H](CO)c3ccc(S(=O)(=O)CC(=O)O)cc3)c(C)c2c1,0.8,1.2139174291120072,-8.424,0.5227539115859897,431.46600000000024,2.371340000000001,3,6,7,133.90999999999997,0,0,0.5285714285714286,0.4714285714285714,0.6862696000617354,0.29581810083616006,0.1464865880388142,0.9386465089278643,2.284167143462377,False
Cc1cc2cc(C(=O)N[C@H](CO)c3ccc([S@@+]([O-])CC(=O)O)cc3)n(C)c2cc1F,Cc1cc2cc(C(=O)N[C@H](CO)c3ccc([S@@+]([O-])CC(=O)O)cc3)n(C)c2cc1F,0.8,1.2085619428408954,-8.774,0.49576208783088416,432.4730000000002,2.2814200000000007,3,4,7,114.62,0,0,0.7230769230769231,0.27692307692307694,1.1652494239485058,0.09763767633584994,-0.6298752470698101,0.9386465089278643,2.2675845316269836,False
CS(=O)(=O)NC(=O)c1cc(Cl)c(-n2cc(Cl)c3cc(C(F)(F)F)ccc32)cc1F,CS(=O)(=O)NC(=O)c1cc(Cl)c(-n2cc(Cl)c3cc(C(F)(F)F)ccc32)cc1F,0.8,1.205160514342142,-7.965,0.561734490234282,469.2430000000001,4.784600000000002,1,3,3,68.17,0,0,0.2903225806451613,0.7096774193548387,0.05812177387879943,0.5820228306045611,1.0974484786466265,0.9386465089278643,2.2650381114727187,False
Cc1cc(Cl)c2cc(C(=O)N[C@H](C)c3ccc(S(=O)(=O)C(C)C(=O)OC4CCOCC4)cc3)n(C)c2c1,Cc1cc(Cl)c2cc(C(=O)N[C@H](C)c3ccc(S(=O)(=O)C(C)C(=O)OC4CCOCC4)cc3)n(C)c2c1,1.2,1.159728095710391,-9.378,0.4370942781384237,547.0730000000003,4.515520000000004,1,6,7,103.70000000000002,1,0,0.7808219178082192,0.2191780821917808,1.9918317485988202,-0.333115411519356,-0.8603623610297734,-1.0653637876331257,2.2575038308319484,False
Cc1cc(N)c2cc(C(=O)N[C@H](C)c3ccc(S(=O)(=O)CC(=O)O)cc3)n(C)c2c1,Cc1cc(N)c2cc(C(=O)N[C@H](C)c3ccc(S(=O)(=O)CC(=O)O)cc3)n(C)c2c1,1.2,1.2226567741487202,-8.82,0.5157877269592178,429.4980000000002,2.4182200000000007,3,5,6,131.48999999999998,0,0,0.7966101694915254,0.2033898305084746,1.2282010579450544,0.24467070749931474,-0.9233806119083479,0.9386465089278643,2.247015465945008,False
Cc1cc(Cl)c2cc(C(=O)N[C@H](C)c3ccc(S(=O)(=O)C4(C(=O)NS(=O)(=O)C5CC5)CC4)cc3)n(C)c2c1,Cc1cc(Cl)c2cc(C(=O)N[C@H](C)c3ccc(S(=O)(=O)C4(C(=O)NS(=O)(=O)C5CC5)CC4)cc3)n(C)c2c1,0.8,1.1796182876175165,-9.392,0.42081746223589567,578.1120000000003,3.5458200000000026,2,6,8,131.41,1,0,0.7647058823529411,0.23529411764705888,2.01099094155429,-0.4526236861118148,-0.796035772762716,-1.0653637876331257,2.240640530417487,False
CCCC(=O)c1cnn(-c2ccc(NC(=O)c3cn(CC(=O)O)c4ccc(C)cc34)cc2)c1C,CCCC(=O)c1cnn(-c2ccc(NC(=O)c3cn(CC(=O)O)c4ccc(C)cc34)cc2)c1C,0.8,1.1972865540040183,-8.35,0.3702762512630408,458.51800000000026,4.763540000000003,2,4,8,106.22000000000001,0,0,0.20833333333333334,0.7916666666666666,0.584999580154247,-0.823709342873541,1.4247056734318742,0.9386465089278643,2.2403187453307596,False
Cc1c(Cl)c(Cl)cc2c(Cl)c(C(=O)NS(=O)(=O)C3CC3)cnc12,Cc1c(Cl)c(Cl)cc2c(Cl)c(C(=O)NS(=O)(=O)C3CC3)cnc12,0.8,1.2692508174001693,-7.096,0.8618821471148763,393.6790000000002,3.7254200000000033,1,4,3,76.13,0,0,0.25287356321839083,0.7471264367816092,-1.1311167031429255,2.7857787010139554,1.2469249135739753,0.9386465089278643,2.239793462766012,True
C[C@]12CC[C@H](O)C[C@H]1CC[C@@H]1[C@@H]2CC[C@]2(C)C(=O)CC[C@@H]12,C[C@]12CC[C@H](O)C[C@H]1CC[C@@H]1[C@@H]2CC[C@]2(C)C(=O)CC[C@@H]12,1.0,1.2223408480937423,-7.382,0.732972735378759,290.447,3.959100000000003,1,2,0,37.3,0,0,0.21428571428571427,0.7857142857142857,-0.7397217613383076,1.8392949742477462,1.4009469543725237,0.9386465089278643,2.230121660407587,False
Cc1cccc(-c2nc(C(=O)N[C@H](CO)c3ccc(S(=O)(=O)CC(=O)O)cc3)c(C)s2)c1,Cc1cccc(-c2nc(C(=O)N[C@H](CO)c3ccc(S(=O)(=O)CC(=O)O)cc3)c(C)s2)c1,0.8,1.2612435633299215,-8.517,0.45699062398469587,474.56000000000023,2.748640000000001,3,7,8,133.65999999999997,0,0,0.4868421052631579,0.513157894736842,0.8135413818373631,-0.18703168255038047,0.31304771323384,0.9386465089278643,2.2224220488221182,False
Cc1cc2c(cc(C(=O)N[C@H](C)c3ccc(S(=O)(=O)CO)cc3)n2C)c(Cl)c1Cl,Cc1cc2c(cc(C(=O)N[C@H](C)c3ccc(S(=O)(=O)CO)cc3)n2C)c(Cl)c1Cl,1.2,1.1955932707823955,-8.623,0.6087842149209647,455.36300000000017,4.008020000000003,2,4,5,88.4,0,0,0.8392857142857143,0.1607142857142857,0.9586038427859278,0.9274731601424374,-1.093718546859285,0.9386465089278643,2.2202855533189405,False
Cc1cc(Cl)c2cc(C(=O)N[C@H](C)c3ccc(S(=O)(=O)C(C)C(=O)O)c(F)c3)n(C)c2c1,Cc1cc(Cl)c2cc(C(=O)N[C@H](C)c3ccc(S(=O)(=O)C(C)C(=O)O)c(F)c3)n(C)c2c1,1.2,1.184803604635951,-8.651,0.5540561355862273,480.9450000000002,4.017020000000002,2,4,6,105.47,0,0,0.7580645161290323,0.24193548387096775,0.9969222286968701,0.525646514671942,-0.7695269932429853,0.9386465089278643,2.219287233286629,False
Cc1cc(Cl)c2cc(C(=O)N[C@H](C)c3ccc(S(=O)(=O)CC(C)(C)O)cc3)n(C)c2c1,Cc1cc(Cl)c2cc(C(=O)N[C@H](C)c3ccc(S(=O)(=O)CC(C)(C)O)cc3)n(C)c2c1,0.8,1.1565599548221688,-8.65,0.5748644367174819,462.99900000000025,4.175720000000004,2,4,6,88.4,0,0,0.7966101694915254,0.2033898305084746,0.9955537149143372,0.6784260374169467,-0.9233806119083479,0.9386465089278643,2.2154761098012057,False
Cc1cc2c(cc(C(=O)N[C@H](C)c3ccc(S(=O)(=O)C4(C(=O)O)CCOCC4)cc3)n2C)c(Cl)c1Cl,Cc1cc2c(cc(C(=O)N[C@H](C)c3ccc(S(=O)(=O)C4(C(=O)O)CCOCC4)cc3)n2C)c(Cl)c1Cl,0.8,1.135312748635181,-9.33,0.4579005960945597,553.4640000000003,4.692020000000004,2,5,6,114.70000000000002,1,0,0.7971014492753623,0.2028985507246377,1.9261430870372058,-0.18035044972030378,-0.9253415378734526,-1.0653637876331257,2.213912292664092,False
CC1(C)[C@@H]2CC[C@@]1(CS(=O)(=O)N1CCN(c3ccc(C(F)(F)F)cn3)CC1)C(=O)O2,CC1(C)[C@@H]2CC[C@@]1(CS(=O)(=O)N1CCN(c3ccc(C(F)(F)F)cn3)CC1)C(=O)O2,1.2,1.2677293296068761,-7.739,0.6593078827246769,447.47900000000016,2.2840000000000007,0,6,4,79.81000000000002,0,0,0.3291139240506329,0.6708860759493671,-0.25116234097380113,1.298430010761262,0.9426141968225207,0.9386465089278643,2.208042780100113,False
Cc1ccc(C(=O)Nc2cc(C(C)(C)C)on2)cc1Nc1nc2ccccc2n1C(C)C,Cc1ccc(C(=O)Nc2cc(C(C)(C)C)on2)cc1Nc1nc2ccccc2n1C(C)C,0.8,1.2802897493569438,-8.77,0.392482798933281,431.54000000000013,6.207020000000004,2,5,5,84.97999999999999,1,0,0.29473684210526313,0.7052631578947368,1.1597753688183718,-0.6606635596799497,1.079829109401933,-1.0653637876331257,2.2060343935421645,False
C[C@H](Sc1nncn1C)c1cccc(NC(=O)c2cc3c(Cl)cc(Cl)cc3n2C)c1,C[C@H](Sc1nncn1C)c1cccc(NC(=O)c2cc3c(Cl)cc(Cl)cc3n2C)c1,0.8,1.2141230862128811,-8.862,0.38719306583720886,460.39000000000016,5.719200000000003,1,4,5,64.74000000000001,1,0,0.36363636363636365,0.6363636363636364,1.2856786368114665,-0.6995020449925481,0.8048190943379098,-1.0653637876331257,2.143992429151732,False
C[C@@H](NC(=O)c1cc(-c2ccccc2)nn1C)c1ccc(S(=O)(=O)CC(=O)O)cc1,C[C@@H](NC(=O)c1cc(-c2ccccc2)nn1C)c1ccc(S(=O)(=O)CC(=O)O)cc1,0.8,1.1711615167270406,-8.856,0.5978634916043528,427.4820000000002,2.4364,2,5,7,118.36,0,0,1.0,0.0,1.2774675541162646,0.8472905981053983,-1.73520396146175,0.9386465089278643,2.1363449993401096,False
COc1cc2c(cc1OC)C(=O)C(CC1(F)CCN(Cc3ccc(Cl)c(Cl)c3)CC1)C2,COc1cc2c(cc1OC)C(=O)C(CC1(F)CCN(Cc3ccc(Cl)c(Cl)c3)CC1)C2,0.8,1.2035071980833105,-8.27,0.542867607953933,466.3800000000002,5.760000000000005,0,4,6,38.77,1,0,0.24705882352941178,0.7529411764705882,0.47551847755155646,0.4434976693097558,1.2701342423751583,-1.0653637876331257,2.1319869729714642,False
Cc1cc(COc2ccc(S(=O)(=O)CC(=O)O)cc2)c2ccc(C(=O)O)cc2n1,Cc1cc(COc2ccc(S(=O)(=O)CC(=O)O)cc2)c2ccc(C(=O)O)cc2n1,0.8,1.2399762610774725,-7.904,0.6021293054930511,415.4230000000001,2.67872,2,6,7,130.86,0,0,0.36,0.64,-0.02535756685575197,0.8786112237501045,0.8193335117996221,0.9386465089278643,2.116552856302155,False
Cc1c(Cl)ccc2cc(C(=O)N[C@H](C)c3ccc(S(=O)(=O)CC(=O)O)cc3)n(C)c12,Cc1c(Cl)ccc2cc(C(=O)N[C@H](C)c3ccc(S(=O)(=O)CC(=O)O)cc3)n(C)c12,0.8,1.1711519626938094,-8.443,0.6000634407579427,448.9280000000002,3.489420000000001,2,4,6,105.47,0,0,0.7258064516129032,0.27419354838709675,0.7122713619298746,0.8634431508596403,-0.6407700641471502,0.9386465089278643,2.1165390650361715,False
Cc1cc(Cl)c2cc(C(=O)N[C@H](C)c3ccc(S(=O)(=O)C4(C(=O)O)CC(=O)C4)cc3)n(C)c2c1,Cc1cc(Cl)c2cc(C(=O)N[C@H](C)c3ccc(S(=O)(=O)C4(C(=O)O)CC(=O)C4)cc3)n(C)c2c1,0.8,1.155471753462382,-9.179,0.5307370746557003,502.97600000000034,3.591120000000002,2,5,6,122.54000000000002,1,0,0.8548387096774194,0.14516129032258063,1.7194975058746278,0.3544323930886865,-1.1557977805304913,-1.0653637876331257,2.104947730490888,False
Cc1cc2c(cc(C(=O)N[C@H](CO)c3ccc(S(=O)(=O)C4(C(=O)O)COC(C)(C)C4)cc3)n2C)c(Cl)c1Cl,Cc1cc2c(cc(C(=O)N[C@H](CO)c3ccc(S(=O)(=O)C4(C(=O)O)CC(C)(C)OC4)cc3)n2C)c(Cl)c1Cl,0.8,1.215879980498573,-9.277,0.3820678059028231,583.4900000000004,4.052920000000003,3,6,7,134.93,1,0,0.6486486486486487,0.3513513513513513,1.8536118565629223,-0.7371329290219713,-0.3327974094179226,-1.0653637876331257,2.104611480869388,False
CC(=O)CS(=O)(=O)c1ccc([C@@H](C)NC(=O)c2cc3c(Cl)c(Cl)c(C)nc3n2C)cc1,CC(=O)CS(=O)(=O)c1ccc([C@@H](C)NC(=O)c2cc3c(Cl)c(Cl)c(C)nc3n2C)cc1,1.0,1.1667297868472997,-8.704,0.5720220383453418,482.38900000000024,4.042220000000003,1,5,6,98.13,0,0,0.8620689655172413,0.13793103448275867,1.0694534591711538,0.6575564688727628,-1.184657092224385,0.9386465089278643,2.0811295494546176,False
CC(=O)N[C@@H](C)c1ccc(OC2CCN(c3ccc(S(C)(=O)=O)cc3)C2)cc1,CC(=O)N[C@@H](C)c1ccc(OC2CCN(c3ccc(S(C)(=O)=O)cc3)C2)cc1,0.8,1.2187539024812437,-7.366,0.8040292236309325,402.51600000000013,2.9449000000000014,1,5,6,75.71000000000001,0,0,0.37142857142857144,0.6285714285714286,-0.7616179818588457,2.361008702563471,0.773716771205669,0.9386465089278643,2.0808127645153807,False
COc1cc2c(cc1OC)C(=O)C(CC1(F)CCN(Cc3ccc(Cl)c(C)c3)CC1)C2,COc1cc2c(cc1OC)C(=O)C(CC1(F)CCN(Cc3ccc(Cl)c(C)c3)CC1)C2,1.0,1.248464879392079,-8.102,0.5951199297121872,445.9620000000002,5.4150200000000055,0,4,6,38.77,1,0,0.2413793103448276,0.7586206896551724,0.24560816208590747,0.8271467106317181,1.2928038193437557,-1.0653637876331257,2.078484960330726,False
CC(=O)N[C@@H](C)c1ccc(O[C@@H]2CCN(c3ccnc(OCC(F)F)c3)C2)cc1,CC(=O)N[C@@H](C)c1ccc(O[C@@H]2CCN(c3ccnc(OCC(F)F)c3)C2)cc1,0.8,1.2267898787326945,-7.455,0.7274087864898261,405.4450000000001,3.580300000000003,1,5,8,63.69,0,0,0.2976190476190476,0.7023809523809523,-0.639820255213352,1.7984431310113969,1.0683248875416158,0.9386465089278643,2.056450762590241,False
CN(C)CCN(C)c1ccc(C(=O)Nc2ccc(Cl)c([C@]3(C)CS(=O)(=O)C4(CCOCC4)C(=N)N3)c2)nc1,CN(C)CCN(C)c1ccc(C(=O)Nc2ccc(Cl)c([C@]3(C)CS(=O)(=O)C4(CCOCC4)C(=N)N3)c2)nc1,0.8,1.2792362328829552,-8.379,0.46988873504333545,563.1240000000004,2.74477,3,8,7,127.72000000000001,1,0,0.21,0.79,0.6246864798477222,-0.09233066686336762,1.4180532320952564,-1.0653637876331257,2.04241363111077,False
Cc1cc2cc(C(=O)N[C@H](C)c3ccc(S(=O)(=O)C(C(=O)O)C(C)C)cc3)n(C)c2c(Cl)n1,Cc1cc2cc(C(=O)N[C@H](C)c3ccc(S(=O)(=O)C(C(=O)O)C(C)C)cc3)n(C)c2c(Cl)n1,0.8,1.2243927293227914,-8.46,0.4835587363011329,491.99700000000024,3.9090200000000026,2,5,7,118.36,0,0,0.5441176470588235,0.4558823529411765,0.735536096232948,0.00803775124612129,0.08443440414262826,0.9386465089278643,2.032867602318578,False
Cc1cc2cc(C(=O)N[C@H](C)c3ccc(S(=O)(=O)CC(=O)O)cc3)n(C)c2cn1,Cc1cc2cc(C(=O)N[C@H](C)c3ccc(S(=O)(=O)CC(=O)O)cc3)n(C)c2cn1,0.8,1.174610843839776,-8.196,0.6373274184248514,415.4710000000002,2.23102,2,5,6,118.36,0,0,0.6461538461538462,0.3538461538461538,0.374248457644068,1.1370441857360316,-0.32283949307204923,0.9386465089278643,2.0320248624160504,False
Cc1cc(Cl)c2cc(C(=O)N[C@H](C)c3ccc(S(=O)(=O)C4(C(=O)O)CC4)cc3)n(C)c2c1,Cc1cc(Cl)c2cc(C(=O)N[C@H](C)c3ccc(S(=O)(=O)C4(C(=O)O)CC4)cc3)n(C)c2c1,0.8,1.0885642839134455,-8.915,0.5608938258985879,474.9660000000003,4.022020000000003,2,4,6,105.47,0,0,1.0,0.0,1.3582098672857477,0.5758504720258412,-1.73520396146175,0.9386465089278643,2.0263894995995186,False
CS(=O)(=O)NC(=O)c1cc(C2CC2)c(OCC2(C(F)(F)F)CC(F)(F)C2)cc1F,CS(=O)(=O)NC(=O)c1cc(C2CC2)c(OCC2(C(F)(F)F)CC(F)(F)C2)cc1F,0.8,1.2760423088030253,-7.439,0.6774783969502004,445.38100000000003,3.749100000000003,1,4,6,72.47,0,0,0.20430107526881722,0.7956989247311828,-0.6617164757338901,1.4318422712767092,1.4408002895688536,0.9386465089278643,2.0185328638417146,False
Cc1cc(Cl)c2ccc(C(=O)N[C@H](CO)c3ccc(S(=O)(=O)C(C)C(=O)O)cc3)nc2c1,Cc1cc(Cl)c2ccc(C(=O)N[C@H](CO)c3ccc(S(=O)(=O)C(C)C(=O)O)cc3)nc2c1,1.2,1.2434708924343474,-8.407,0.47693716908646927,476.9380000000002,2.9068200000000006,3,6,7,133.66,0,0,0.5,0.5,0.6630048657586645,-0.04057937864348663,0.2605284395236969,0.9386465089278643,2.015282046861471,False
Cc1nc2c(c(C(F)(F)F)n1)CCN(C(=O)c1cccc(C(F)(F)F)c1Cl)C2,Cc1nc2c(c(C(F)(F)F)n1)CCN(C(=O)c1cccc(C(F)(F)F)c1Cl)C2,1.0,1.2792447315404127,-7.663,0.6259551172027994,423.744,4.674520000000002,0,3,1,46.09,0,0,0.26582278481012656,0.7341772151898734,-0.35516938844635654,1.0535460307325053,1.1952385513776407,0.9386465089278643,2.0077690596813653,False
CC(=O)N[C@@H](C)c1ccc(OC2CCN(c3ccc(S(C)(=O)=O)cn3)C2)cc1,CC(=O)N[C@@H](C)c1ccc(OC2CCN(c3ccc(S(C)(=O)=O)cn3)C2)cc1,0.8,1.221568819710633,-7.319,0.7964556514621944,403.50400000000013,2.3399,1,6,6,88.60000000000001,0,0,0.3466666666666667,0.6533333333333333,-0.825938129637926,2.3054017246503777,0.8725530424925673,0.9386465089278643,1.995401762331025,False
Cc1c(C(=O)N2CCC(C(=O)O)CC2)cnn1-c1nn2cccc2c(=O)[nH]1,Cc1c(C(=O)N2CCC(C(=O)O)CC2)cnn1-c1nn2cccc2c(=O)[nH]1,0.8,1.217931357765032,-7.382,0.6895629806333592,370.369,0.45351999999999976,2,5,3,125.59,0,0,0.1956521739130435,0.8043478260869565,-0.7397217613383076,1.5205701744360844,1.475322074906143,0.9386465089278643,1.9857719811295445,False
C[C@@H](NC(=O)c1cc(C(=O)N[C@H](C)c2ccc(S(C)(=O)=O)cc2)n2c1COCC2)c1ccc(C(F)(F)F)cc1,C[C@@H](NC(=O)c1cc(C(=O)N[C@H](C)c2ccc(S(C)(=O)=O)cc2)n2c1COCC2)c1ccc(C(F)(F)F)cc1,1.2,1.1646907552651462,-8.726,0.44277847075622345,563.5980000000004,4.4226000000000045,2,5,7,106.50000000000001,1,0,0.4166666666666667,0.5833333333333333,1.099560762386894,-0.29138071007207045,0.5931505063546044,-1.0653637876331257,1.968209427239759,False
C[C@@H](NC(=O)c1ccc(NS(=O)(=O)c2ccc3c(Cl)cnc(Cl)c3c2)cc1)c1ccc(S(=O)(=O)CC(=O)O)cc1,C[C@@H](NC(=O)c1ccc(NS(=O)(=O)c2ccc3c(Cl)cnc(Cl)c3c2)cc1)c1ccc(S(=O)(=O)CC(=O)O)cc1,1.0,1.2800111831648031,-9.395,0.22682558382838758,622.508,4.6917000000000035,3,7,9,159.6,1,0,0.4805194805194805,0.5194805194805194,2.015096482901891,-1.8769584461941333,0.3382842473542986,-1.0653637876331257,1.9588368731473849,False
COc1cc2c(cc1C(F)(F)F)N(S(=O)(=O)c1ccc(C(C)C)cc1)CC2,COc1cc2c(cc1C(F)(F)F)N(S(=O)(=O)c1ccc(C(C)C)cc1)CC2,0.8,1.269630879838244,-7.265,0.755606825326728,399.43400000000014,4.588800000000004,0,3,4,46.61,0,0,0.2441860465116279,0.7558139534883721,-0.8998378738947423,2.005479875081586,1.2816008307255535,0.9386465089278643,1.956728212481587,False
Cc1cc2c(cc(C(=O)N[C@H](CO)c3ccc(S(=O)(=O)C4(C(=O)O)CCCC4)cc3)n2C)c(F)c1F,Cc1cc2c(cc(C(=O)N[C@H](CO)c3ccc(S(=O)(=O)C4(C(=O)O)CCCC4)cc3)n2C)c(F)c1F,0.8,1.1499025856145242,-9.15,0.43855331958500227,520.5540000000004,3.399420000000002,3,5,7,125.69999999999999,1,0,0.7058823529411765,0.2941176470588235,1.6798106061811526,-0.3224027803214812,-0.5612437255879579,-1.0653637876331257,1.9432928126363036,False
Cc1cc(Cl)c2cc(C(=O)N[C@H](CO)c3c(F)cc(F)cc3F)n(C)c2c1,Cc1cc(Cl)c2cc(C(=O)N[C@H](CO)c3c(F)cc(F)cc3F)n(C)c2c1,0.8,1.2740196415511744,-7.903,0.6994984513524993,396.79600000000005,4.020820000000002,2,2,4,54.26,0,0,0.5846153846153846,0.41538461538461535,-0.02672608063828606,1.5935187763013863,-0.07721088987384038,0.9386465089278643,1.9321789796149058,False
CC(=O)c1cn(CC(=O)N2C[C@H](F)C[C@H]2C(=O)NCc2cccc(Cl)c2F)c2ccc(Cl)cc12,CC(=O)c1cn(CC(=O)N2C[C@H](F)C[C@H]2C(=O)NCc2cccc(Cl)c2F)c2ccc(Cl)cc12,0.8,1.1974788928270024,-8.255,0.4973191014224612,508.35200000000015,4.545200000000003,1,3,6,71.41,1,0,0.2087912087912088,0.7912087912087912,0.45499077081355366,0.10906964245014882,1.422878079658078,-1.0653637876331257,1.9092473699187713,False
COc1cc2cc(C(=O)N[C@H](C)c3ccc(S(=O)(=O)CC(=O)O)cc3)n(C)c2cc1F,COc1cc2cc(C(=O)N[C@H](C)c3ccc(S(=O)(=O)CC(=O)O)cc3)n(C)c2cc1F,1.0,1.223096426718159,-8.254,0.574389081936519,448.4720000000002,2.675300000000001,2,5,7,114.69999999999999,0,0,0.6029411764705882,0.3970588235294118,0.4536222570310183,0.6749358689446645,-0.15035764303213026,0.9386465089278643,1.901145994438503,False
CC(=O)NC(C)c1ccc(S(=O)(=O)c2ccc([C@@H](CO)NC(=O)c3cc4cc(Cl)ccc4[nH]3)c(Cl)c2)cc1,CC(=O)NC(C)c1ccc(S(=O)(=O)c2ccc([C@@H](CO)NC(=O)c3cc4cc(Cl)ccc4[nH]3)c(Cl)c2)cc1,0.8,1.264089276580162,-9.196,0.2364108618337108,574.4860000000002,4.9680000000000035,4,5,8,128.35999999999999,1,0,0.3780487804878049,0.6219512195121951,1.7427622401776988,-1.8065810429744222,0.7472924397640499,-1.0653637876331257,1.8935539833284625,False
COc1ccc2c(c1)C(=O)N(C[C@@]1(C#Cc3cnc(C(=O)O)cn3)NC(=O)NC1=O)C2,COc1ccc2c(c1)C(=O)N(C[C@@]1(C#Cc3cnc(C(=O)O)cn3)NC(=O)NC1=O)C2,0.8,1.2581953235039998,-7.972,0.45240546633887846,421.36900000000014,-0.23089999999999938,3,7,4,150.82,0,0,0.18888888888888888,0.8111111111111111,0.06770137035653562,-0.22069700642376475,1.502317489025753,0.9386465089278643,1.8863464777789916,False
CC(C(=O)NCc1ccc(C(C)(C)C)cc1)c1ccc(S(=O)(=O)CC(=O)O)cc1,CC(C(=O)NCc1ccc(C(C)(C)C)cc1)c1ccc(S(=O)(=O)CC(=O)O)cc1,1.2,1.2434950771540323,-7.503,0.7201321206669088,417.52700000000016,3.2623000000000015,2,4,7,100.54,0,0,0.36231884057971014,0.6376811594202898,-0.5741315936517377,1.7450161104878252,0.8100779412443271,0.9386465089278643,1.876154118892609,False
Cc1ccc2cc(C(=O)N[C@H](CO)c3ccc(S(=O)(=O)C(C)(C)C(=O)O)cc3)n(C)c2c1,Cc1ccc2cc(C(=O)N[C@H](CO)c3ccc(S(=O)(=O)C(C)(C)C(=O)O)cc3)n(C)c2c1,1.0,1.1896197663782353,-8.56,0.4996741506702381,458.53600000000023,2.5870200000000008,3,5,7,125.69999999999999,0,0,0.6818181818181818,0.31818181818181823,0.8723874744863106,0.12636097718462677,-0.46519243356191997,0.9386465089278643,1.87526674705926,False
Cc1cc2c(N)c(C(=O)NC[C@@H](C)c3ccc(S(=O)(=O)CC(=O)O)cc3)nn2c(C)c1Cl,Cc1cc2c(N)c(C(=O)NC[C@@H](C)c3ccc(S(=O)(=O)CC(=O)O)cc3)nn2c(C)c1Cl,1.0,1.2553460123981754,-8.327,0.4729159203317358,478.9580000000002,2.5785400000000003,3,6,7,143.85999999999999,0,0,0.47368421052631576,0.5263157894736843,0.553523763155974,-0.07010434859234688,0.36556698694398393,0.9386465089278643,1.871833419127517,False
Cc1cc2c(NC(=O)CS(=O)(=O)Cc3ccc(Cl)cc3)cccc2n1C,Cc1cc2c(NC(=O)CS(=O)(=O)Cc3ccc(Cl)cc3)cccc2n1C,0.8,1.280202107392142,-7.403,0.721863831813367,390.89200000000005,3.693620000000003,1,3,5,68.17,0,0,0.2987012987012987,0.7012987012987013,-0.7109829719051015,1.7577307478250705,1.064005120439916,0.9386465089278643,1.8690931789187155,False
Cc1cc(Cl)c2c(C)c(C(=O)N[C@H](CO)c3ccc(S(=O)(=O)CC(=O)O)cc3)oc2c1,Cc1cc(Cl)c2c(C)c(C(=O)N[C@H](CO)c3ccc(S(=O)(=O)CC(=O)O)cc3)oc2c1,1.0,1.2714510966525459,-8.461,0.48781920477113555,465.91100000000023,3.0247400000000013,3,6,7,133.91,0,0,0.5942028985507246,0.4057971014492754,0.7369046100154809,0.039319129548526885,-0.1154791142851553,0.9386465089278643,1.8669724897582656,False
Cc1ccc2[nH]c(C(=O)N[C@H](CO)c3ccc(S(=O)(=O)C4(C(=O)O)CCCC4)cc3)c(Cl)c2c1,Cc1ccc2[nH]c(C(=O)N[C@H](CO)c3ccc(S(=O)(=O)C4(C(=O)O)CCCC4)cc3)c(Cl)c2c1,0.8,1.184930035137004,-8.897,0.38639928458374606,504.99200000000036,3.7642200000000017,4,5,7,136.55999999999997,1,0,0.4567901234567901,0.5432098765432098,1.333576619200144,-0.7053301767704866,0.4329991408434268,-1.0653637876331257,1.8621403086566652,False
C[C@@H](NC(=O)c1cc(C(=O)N[C@H](C)c2ccc(F)cc2)n2c1COCC2)c1ccccc1,C[C@@H](NC(=O)c1cc(C(=O)N[C@H](C)c2ccc(F)cc2)n2c1COCC2)c1ccccc1,0.8,1.1900008009702359,-7.859,0.6113522098632258,435.4990000000002,4.139400000000004,2,3,6,72.36,0,0,0.41025641025641024,0.5897435897435898,-0.08694068706976527,0.9463279930870135,0.6187368191877516,0.9386465089278643,1.8605066925991667,False
Cc1ccc(C(=O)N[C@@H](CC(=O)O)c2ccccc2Cl)nc1-c1ccc(Cl)cc1,Cc1ccc(C(=O)N[C@@H](CC(=O)O)c2ccccc2Cl)nc1-c1ccc(Cl)cc1,0.8,1.2664967063933363,-8.224,0.556792596415615,429.3030000000001,5.309620000000003,2,3,6,79.29,1,0,0.30985915492957744,0.6901408450704225,0.4125668435550103,0.545738264444646,1.0194689300392894,-1.0653637876331257,1.8576589877773935,False
CCS(=O)(=O)c1ccc(CC(=O)Nc2ccc(C(C)(C)C(=O)NS(C)(=O)=O)cc2F)cc1,CCS(=O)(=O)c1ccc(CC(=O)Nc2ccc(C(C)(C)C(=O)NS(C)(=O)=O)cc2F)cc1,1.0,1.2543243288325623,-7.699,0.5912675638978603,484.5710000000002,2.1539,2,6,8,126.47999999999999,0,0,0.26744186046511625,0.7325581395348837,-0.3059028922751464,0.7988617196158969,1.188776067889021,0.9386465089278643,1.845155257418557,False
Cc1cc(Cl)c2cc(C(=O)N[C@H](C)c3cccc(S(=O)(=O)C4CCOC4)c3)n(C)c2c1,Cc1cc(Cl)c2cc(C(=O)N[C@H](C)c3cccc(S(=O)(=O)C4CCOC4)c3)n(C)c2c1,0.8,1.2605824546146789,-8.146,0.6187780149342407,460.9830000000003,4.1937200000000034,1,4,5,77.4,0,0,0.625,0.375,0.3058227685173879,1.0008500296334295,-0.2384046607226648,0.9386465089278643,1.8434141604094725,False
CC(=O)NC(C)Cc1ccc(C2CN(c3ccc(S(C)(=O)=O)cn3)C2)cc1,CC(=O)NC(C)Cc1ccc(C2CN(c3ccc(S(C)(=O)=O)cn3)C2)cc1,0.8,1.2603198531418254,-7.067,0.8216440016869998,387.5050000000001,2.1559999999999997,1,5,6,79.37,0,0,0.2597402597402597,0.7402597402597403,-1.1708036028364006,2.4903406152309073,1.2195167361011197,0.9386465089278643,1.8375734001231578,False
COc1cc(C2C(C#N)=C(N)OC3=C2C(=O)CC(C)(C)C3)cc(OC)c1OC,COc1cc(C2C(C#N)=C(N)OC3=C2C(=O)CC(C)(C)C3)cc(OC)c1OC,1.0,1.2820227282147927,-6.814,0.850081708981926,384.43200000000013,3.163280000000002,1,7,4,103.80000000000001,0,0,0.13978494623655913,0.8602150537634409,-1.5170375898174093,2.6991370624312574,1.6983141477605244,0.9386465089278643,1.8326992850208952,True
C[C@@H](NC(=O)c1cc(-c2ccc(Cl)cc2)nn1C)c1ccc(S(=O)(=O)CC(=O)O)cc1,C[C@@H](NC(=O)c1cc(-c2ccc(Cl)cc2)nn1C)c1ccc(S(=O)(=O)CC(=O)O)cc1,0.8,1.1563286475064527,-8.615,0.557754997011712,461.92700000000025,3.089800000000001,2,5,7,118.36,0,0,0.8392857142857143,0.1607142857142857,0.9476557325256599,0.552804439757746,-1.093718546859285,0.9386465089278643,1.823720612413713,False
Cc1cc2c(N)c(C(=O)N[C@@H](C)c3ccc(S(=O)(=O)CC(=O)O)cc3)nn2c(C)c1C,Cc1cc2c(N)c(C(=O)N[C@@H](C)c3ccc(S(=O)(=O)CC(=O)O)cc3)nn2c(C)c1C,1.0,1.2483201465604952,-8.238,0.5284670564068482,444.51300000000026,2.1910599999999993,3,6,6,143.85999999999999,0,0,0.5294117647058824,0.47058823529411764,0.43172603651048025,0.3377653762815742,0.14313241593631768,0.9386465089278643,1.8136731197027844,False
COc1cc2c(cc1O)CC[C@@H]1[C@@H]2CC[C@]2(C)[C@@H](O)CC[C@@H]12,COc1cc2c(cc1O)CC[C@@H]1[C@@H]2CC[C@]2(C)[C@@H](O)CC[C@@H]12,0.8,1.1935355883383578,-6.87,0.832809135520442,302.41400000000004,3.6178000000000026,2,3,1,49.69,0,0,0.1595744680851064,0.8404255319148937,-1.4404008179955259,2.5723176977278177,1.6193249678542143,0.9386465089278643,1.7801642840549123,True
Cc1cc(Cl)c2cc(C(=O)N[C@H](C)c3ccc(S(=O)(=O)C4(C(=O)O)CCCO4)cc3)n(C)c2c1,Cc1cc(Cl)c2cc(C(=O)N[C@H](C)c3ccc(S(=O)(=O)C4(C(=O)O)CCCO4)cc3)n(C)c2c1,1.0,1.1440655026261677,-8.928,0.5241201440896759,504.99200000000036,3.996120000000003,2,5,6,114.70000000000002,1,0,0.7536231884057971,0.24637681159420288,1.3760005464586873,0.3058493065821383,-0.7517995899616748,-1.0653637876331257,1.7733689157212753,False
CCS(=O)(=O)c1ccc(CC(=O)Nc2ccc(C(C)(C)C(=O)O)cc2)cc1,CCS(=O)(=O)c1ccc(CC(=O)Nc2ccc(C(C)(C)C(=O)O)cc2)cc1,0.8,1.2198236023996498,-7.177,0.7580371237240489,389.4730000000001,3.023600000000001,2,4,7,100.54,0,0,0.23684210526315788,0.7631578947368421,-1.020267086757702,2.023323707066165,1.310913913726564,0.9386465089278643,1.7630267017412573,False
COc1cc(Cl)c2cc(C(=O)N[C@@H](C)c3ccc(S(=O)(=O)CC(=O)O)cc3)ccc2c1,COc1cc(Cl)c2cc(C(=O)N[C@@H](C)c3ccc(S(=O)(=O)CC(=O)O)cc3)ccc2c1,0.8,1.277477114273609,-8.164,0.5526397362534404,461.92300000000023,3.8511000000000024,2,5,7,109.77,0,0,0.5428571428571428,0.4571428571428572,0.33045601660299173,0.5152469720704321,0.08946566229637307,0.9386465089278643,1.7349479220367205,False
C[C@@H](NC(=O)c1cc(-c2ccnc(Cl)c2)nn1C)c1ccc(S(=O)(=O)CC(=O)O)cc1,C[C@@H](NC(=O)c1cc(-c2ccnc(Cl)c2)nn1C)c1ccc(S(=O)(=O)CC(=O)O)cc1,1.0,1.2277981614845643,-8.569,0.5153340800486074,462.91500000000025,2.4848,2,6,7,131.24999999999997,0,0,0.7540983606557377,0.24590163934426235,0.8847040985291138,0.24133992340211097,-0.7536962232721858,0.9386465089278643,1.7263751516520849,False
Cc1c(Cl)cccc1S(=O)(=O)NC(=O)[C@H]1[C@H](C(=O)Nc2ccc(S(=O)(=O)CC(=O)O)cc2)[C@@H]2C=C[C@H]1C21CC1,Cc1c(Cl)cccc1S(=O)(=O)NC(=O)[C@H]1[C@H](C(=O)Nc2ccc(S(=O)(=O)CC(=O)O)cc2)[C@@H]2C=C[C@H]1C21CC1,1.0,1.2602782132742654,-8.596,0.3938352415704314,593.0790000000001,2.7787200000000007,3,7,8,163.77999999999997,1,0,0.2988505747126437,0.7011494252873562,0.9216539706575207,-0.6507336024316145,1.0634092904948536,-1.0653637876331257,1.723301735561718,False
Cc1cc(COc2ccc(S(=O)(=O)C[C@@H](C(=O)O)C(C)(C)C(=O)O)cc2)c2ccccc2n1,Cc1cc(COc2ccc(S(=O)(=O)C[C@@H](C(=O)O)C(C)(C)C(=O)O)cc2)c2ccccc2n1,0.8,1.2060932796048733,-7.951,0.4828897200549309,471.5310000000002,3.7075200000000024,2,6,9,130.86,0,0,0.27380952380952384,0.7261904761904762,0.03896258092332828,0.0031256739862498984,1.163359763779018,0.9386465089278643,1.7137338540758567,False
Cc1cc2c(cc(C(=O)N[C@H](C)c3ccc(S(=O)(=O)CC(=O)O)c(F)c3)n2C)c(Cl)c1Cl,Cc1cc2c(cc(C(=O)N[C@H](C)c3ccc(S(=O)(=O)CC(=O)O)c(F)c3)n2C)c(Cl)c1Cl,1.0,1.1546907898593257,-8.916,0.524763218484827,501.3630000000003,4.281920000000003,2,4,6,105.47,1,0,0.7619047619047619,0.23809523809523814,1.359578381068283,0.31057091256818137,-0.7848551990877275,-1.0653637876331257,1.7121905818004572,False
C[C@@H](NC(=O)c1cc2cc(Cl)ccc2n1C)c1ccc(S(=O)(=O)CC(=O)O)cc1,C[C@@H](NC(=O)c1cc2cc(Cl)ccc2n1C)c1ccc(S(=O)(=O)CC(=O)O)cc1,0.8,1.1444507106886646,-8.387,0.619418232361205,434.9010000000002,3.181000000000002,2,4,6,105.47000000000001,0,0,0.8245614035087719,0.17543859649122806,0.6356345901079925,1.005550659075865,-1.0349469786598389,0.9386465089278643,1.7111961150959432,False
CC(C)n1cc(C(=O)c2cncc(NC(=O)Cc3ccc(Cl)cn3)c2)c2cnccc21,CC(C)n1cc(C(=O)c2cncc(NC(=O)Cc3ccc(Cl)cn3)c2)c2cnccc21,1.0,1.2741242471017817,-7.934,0.45282745598299035,433.8990000000001,4.472800000000003,1,5,6,89.77,0,0,0.20930232558139536,0.7906976744186046,0.015697846620257295,-0.2175986575473199,1.420837974980352,0.9386465089278643,1.7039582651374787,False
CC(=O)CS(=O)(=O)c1ccc([C@@H](C)NC(=O)c2cc3c(Cl)cc(C)cc3n2C)cc1,Cc1cc(Cl)c2cc(C(=O)N[C@H](C)c3ccc(S(=O)(=O)CC(C)=O)cc3)n(C)c2c1,1.2,1.1962062703773635,-8.454,0.6198452733136591,446.95600000000024,3.993820000000003,1,4,6,85.24000000000001,0,0,0.875,0.125,0.7273250135377459,1.0086860958660662,-1.2362708612153883,0.9386465089278643,1.696388516190102,False
Cc1ccc2c(c1)c(CC(=O)O)c(C)n2C(=O)c1ccc(Cl)cc1,Cc1ccc2c(c1)c(CC(=O)O)c(C)n2C(=O)c1ccc(Cl)cc1,1.0,1.2448697665722683,-7.149,0.7752442454618169,341.794,4.227140000000003,1,2,3,59.3,0,0,0.26865671641791045,0.7313432835820896,-1.058585472668643,2.1496625095627677,1.1839270131139783,0.9386465089278643,1.685741831803392,False
